"","rowid","pl_radj","pl_bmassj","pl_rade","pl_bmasse","pl_dens","pl_orbsmax","pl_eqt","st_age","pl_discmethod","cluster","density","mass_gr","radius_cm","volume_cm3"
"1",11,1.44,13.9,16.141,4417.837,NA,156,NA,0.035,"Imaging",1,5.77305979429816,26384841000000000072088606428448,10294848000,4570339116539091189228442268826
"2",15,0.92,20.95,10.31,6657.48,NA,NA,2075,NA,"Imaging",1,33.3656259686399,39767080499999997776022622882066,6577264000,1191857768152673166922460444668
"3",28,0.17,0.02542,1.91,8.08,6.4,0.01544,NA,10.2,"Radial Velocity",2,6.41663762964362,48251989800000000824426840606,1215364000,7519824647270901676062028624
"4",48,0.199,0.05129,2.23,16.3,7.89,0.241,546,3.34,"Transit",2,8.0714619091222,97358165100000006498664860446,1422690800,12062023732028988755204804068
"5",61,2.2,17,24.66,5403,NA,440,2600,0.002,"Imaging",1,1.97997456208819,32269229999999999830446406848648,15728240000,16297800293942722766484446482866
"6",62,1.49,1.03,16.7,327.35,0.38,NA,1898,NA,"Transit",3,0.386150988764061,1955135700000000128268884226248,10652308000,5063137883597625347282220280442
"7",63,0.97,2.75,10.87,874,3.7,0.1055,600,3,"Transit",4,3.73676875359626,5220022500000000038822440604008,6934724000,1396934850457699156668440644200
"8",64,1.43,2.33,16.03,740.51,0.99,0.0436,1657,2,"Transit",4,0.988158339910677,4422782700000000489286046462224,10223356000,4475783405724018276488022262402
"9",65,1.44,0.917,16.14,291.438,0.411,0.04016,1442,6.3,"Transit",3,0.380855815206576,1740640229999999982662060400200,10294848000,4570339116539091189228442268826
"10",66,0.885,1.308,9.92,415.704,2.34,0.051,1700,1.635,"Transit",3,2.34021987630448,2482832520000000197220628200404,6327042000,1060939848062791640960664080080
"11",67,1.09,7.6,12.22,2415.4,7.3,0.027,1952,4.2,"Transit",5,7.27801305390137,14426244000000000639226060482686,7792628000,1982167920441805650460448200046
"12",68,1.17,0.535,13.11,170.032,0.44,0.0618,NA,6.73,"Transit",3,0.414261838767489,1015531650000000076186286466648,8364564000,2451424570077241207206602042682
"13",69,1.02,2.43,11.43,772.29,2.82,0.0461,1626,10.7,"Transit",4,2.83977865198626,4612601700000000409862848408646,7292184000,1624282123810514586182040820404
"14",70,1.31,3.47,14.68,1102.82,2.2,0.0295,1550,NA,"Transit",4,1.91423088734055,6586719300000001035626808248044,9365452000,3440922066172987185604600282464
"15",71,1.29,1.11,14.46,352.78,0.71,0.0518,2000,5,"Transit",3,0.641257680252971,2106990900000000176426840288264,9222468000,3285716436439105279046080066246
"16",72,1.466,3.47,16.432,1102.82,1.47,0.02798,NA,2.7,"Transit",4,1.36586034271956,6586719300000001035626808248044,10480727200,4822395887770769466026662840468
"17",73,0.84,4.24,9.42,1347.54,8.87,0.0902,1002,0.1,"Transit",4,8.87169760179546,8048325600000000866424426802042,6005328000,907191155655618425206408242800
"18",74,0.435,0.038,4.88,12.2,0.249,0.092,885,3.3,"Transit",2,0.572525134566181,72131220000000003558666668280,3109902000,125987866112910417778402640422
"19",75,1.05,2.8,11.77,889.9,3,0.048,1660,7.2,"Transit",4,2.9996381325316,5314931999999999998404606626664,7506660000,1771857725889879675206286288884
"20",76,0.33,0.018,3.7,5.7,0.9,0.056,1070,11,"Transit",2,0.621168490066883,34167420000000000292246244864,2359236000,55005075992056665692662888082
"21",77,0.44,0.088,5,28,1.3,0.098,850,11,"Transit",2,1.28116001076295,167040719999999989706064882200,3145648000,130382402351541739760260828442
"22",78,1.08,0.27,12.11,85.81,0.15,0.0578,1330,4.5,"Transit",3,0.265809947363368,512511300000000021962860866466,7721136000,1928111814789929913642800226022
"23",79,1.26,0.52,14.12,165.26,0.28,0.0526,1600,8.6,"Transit",3,0.322381743740995,987058800000000031922486424088,9007992000,3061770150337711551884888846064
"24",80,1.007,10.39,11.287,3302.11,12.6,0.0476,1500,4.21,"Transit",5,12.618445829368,19722194100000000420820864644266,7199244400,1562965389453814508426220802684
"25",81,0.955,0.484,10.705,153.82972,0.69,0.0603,NA,12,"Transit",3,0.68915034616751,918723959999999925760082220004,6827486000,1333125587339816504262624008048
"26",82,0.9,0.85,10.088,270.1555,1.45,0.0386,NA,4.5,"Transit",3,1.44600611365672,1613461499999999878982842480284,6434280000,1115805448373801712724460684284
"27",83,1.01,21.66,11.32,6883.91,26.4,NA,NA,2.2,"Transit",1,26.071922871535,41114795399999997432468880808804,7220692000,1576975952352504857442204440086
"28",84,1.19,0.72,13.34,228.83,0.525,0.09,1074,1,"Transit",3,0.529871235356036,1366696799999999870966080428402,8507548000,2579299854013919235468802088486
"29",85,1.388,0.467,15.558,148.42,0.217,0.04947,1438,6.9,"Transit",3,0.216584420755903,886454730000000063386246400280,9923089600,4092883167248035466866884804424
"30",86,1.166,2.96,13.068,940.74,2.32,0.0855,1017,NA,"Transit",4,2.31565998768863,5618642400000000095840208640626,8335967200,2426367614361308930088004088686
"31",87,0.141,0.018,1.585,5.74,7.5,0.017016,1756,1.32,"Transit",2,7.96331506775013,34167420000000000292246244864,1008037200,4290602558019006671682228002
"32",89,0.57,0.22,6.39,69.92,1.6,0.063,NA,3,"Transit",2,1.47325134261056,417601799999999991840668686006,4075044000,283455910014663066148688008468
"33",90,1.05,0.84,11.77,266.97,0.9,0.407,NA,NA,"Transit",3,0.899891439759479,1594479599999999943206464468026,7506660000,1771857725889879675206286288884
"34",94,1.31,1.1,14.684,349.613,0.02,NA,NA,7.8,"Transit",3,0.60681670780248,2088009000000000240640062864006,9365452000,3440922066172987185604600282464
"35",95,0.384,0.10131,4.3,32.2,2.15,0.0943,1102,5.2,"Transit",2,2.21889818029583,192305628899999984848800080006,2745292800,86667171395111659840068620066
"36",103,0.103,0.0051,1.16,1.62,6,NA,409,5,"Transit",2,5.78811609956971,9680769000000001402446448260,736367600,1672525020830122112808246840
"37",104,0.254,0.0197,2.847,6.26125,1.49,0.01411,NA,NA,"Transit",2,1.49088384235547,37394342999999997096408462064,1815896800,25081996288134684586624280468
"38",116,0.346,0.043,3.88,13.73,1.18,0.031,604,2.5,"Radial Velocity",2,1.28741596653498,81622169999999997768464482808,2473623200,63399998230317208944240264288
"39",121,0.372,0.07,4.17,22.1,1.8,0.0291,NA,NA,"Radial Velocity",2,1.6863509130837,132873300000000007000628800682,2659502400,78793386933342643280808840868
"40",147,3,20,33.6,6356,NA,100,2650,0.001,"Imaging",1,0.918639178087802,37963800000000001920004880842864,21447600000,41326127717548200448000824224826
"41",149,1.265,11.3,14.179,3591.3,NA,2000,1050,0.1,"Imaging",5,6.92286079173743,21449547000000002166866844466286,9043738000,3098364627756266441286448000460
"42",150,1.319,0.525,14.785,166.86075,0.282,0.05561,1322,NA,"Transit",3,0.283728948466346,996549749999999999780826280462,9429794800,3512330184800310390408462820664
"43",151,0.422,0.081,4.73,25.743,1.33,0.053,878,6.5,"Transit",2,1.33667676135663,153753390000000010112088288446,3016962400,115026605118766035338024440006
"44",152,0.959,0.211,10.749,67.059,0.3192,0.0384,963,2.5,"Transit",3,0.296691678484476,400518089999999965322088660800,6856082800,1349947164160035370262806600408
"45",153,1.272,0.851,14.258,270.462,NA,NA,NA,5,"Transit",3,0.512798750022512,1615359690000000069544666828642,9093782400,3150085077097177761486406808884
"46",155,1.15,2.232,12.89,709.367,1.82,0.0606,1570,1.3,"Transit",4,1.82003358028383,4236760080000000388066220446606,8221580000,2327847203423189328640206008862
"47",156,1.072,1.946,12.016,618.471,1.96,0.0964,904,6.8,"Transit",4,1.95901252017725,3693877739999999920008082646080,7663942400,1885581486567416893864288062020
"48",157,1.289,4.193,14.448,1332.605,2.42,0.0413,1626,2,"Transit",4,2.427978530142,7959110669999998945888486264646,9215318800,3278081157305173351880646662666
"49",158,1.01,0.534,11.321,169.71,0.64,0.0882,792,7.8,"Transit",3,0.642770397663883,1013633460000000026240400266248,7220692000,1576975952352504857442204440086
"50",160,0.995,0.197,11.153,62.61,0.25,0.0559,852,12.4,"Transit",3,0.248013725263728,373943430000000041322468244804,7113454000,1507752966503623304164640222826
"51",161,1.132,0.292,12.689,92.802,0.25,0.0466,1010,8.8,"Transit",3,0.249644672578018,554271479999999993002648680062,8092894400,2220241570854194110248262020262
"52",162,1.157,9.09,12.969,2888.95,7.29,0.06878,1540,2.6,"Transit",5,7.278510923308,17254547099999999215462486204462,8271624400,2370614990044970209220002282864
"53",163,0.867,7.246,9.718,2302.899,13.78,0.0361,970,6.7,"Transit",5,13.7885871697026,13754284740000000158420662402842,6198356400,997512259285132295848404066284
"54",164,1.024,4.063,11.478,1291.289,4.68,0.0494,1283,10.2,"Transit",4,4.69273126103961,7712345969999999500066006686046,7320780800,1643466361270265768588044202844
"55",165,1.08,2.147,12.106,682.352,2.11,0.0414,1283,12.4,"Transit",4,2.11368132218204,4075413929999999668464044844806,7721136000,1928111814789929913642800226022
"56",166,1.224,2.07,13.72,658,1.406,0.02302,1951,2.1,"Transit",4,1.39992517566195,3929253299999999910400664626828,8750620800,2806759509944569308486824000442
"57",167,1.242,0.685,13.922,217.704,0.44,0.0465,1637,2.8,"Transit",3,0.443409012097465,1300260150000000236988220848422,8879306400,2932417056318633460480260642488
"58",168,1.19,0.567,13.339,180.202,0.42,0.0466,1202,3.2,"Transit",3,0.417273597842879,1076273729999999982804808402842,8507548000,2579299854013919235468802088486
"59",169,0.565,0.059,6.333,18.751,0.4,0.0479,1001,9,"Transit",2,0.40568168363892,111993210000000003898200822688,4039298000,276061785672533032666804246064
"60",170,1.02,0.62,11.43,197.05,NA,0.04,NA,4.4,"Transit",3,0.724552577873037,1176877799999999951444044426840,7292184000,1624282123810514586182040820404
"61",171,1.212,0.626,13.585,198.953,0.44,0.0434,1384,6.1,"Transit",3,0.436058950766393,1188266939999999969122268482404,8664830400,2725014445665128380260244624866
"62",172,1.107,0.778,12.408,247.261,0.71,0.0667,1260,2.2,"Transit",3,0.711238841847206,1476791819999999948160228468642,7914164400,2076365537299011253028404640684
"63",173,0.827,0.591,9.27,187.83,1.29,0.03866,NA,1.6,"Transit",3,1.29583493458567,1121830289999999912802620262020,5912388400,865720054351439573528246068060
"64",174,1.34,0.711,15.02,225.968,0.37,0.0419,1630,1,"Transit",3,0.366466210557638,1349613089999999844402020448606,9579928000,3682776340951985975662840604248
"65",175,1.07,2.171,11.99,689.98,2.18,0.055,1450,NA,"Transit",4,2.19779520808546,4120970489999999739206824808842,7649644000,1875047536203274274886022642800
"66",177,1.686,0.762,18.898,242.176,0.2,0.0499,1782,NA,"Transit",3,0.197179150950873,1446420779999999994822620484240,12053551200,7335566529345568099648800686246
"67",178,1.197,3.328,13.417,1057.694,2.4,0.0677,1520,NA,"Transit",4,2.40646526892243,6317176319999999303248428682428,8557592400,2625085182645795210024200642208
"68",179,1.332,1.054,14.93,334.979,0.55,0.0498,1581,NA,"Transit",3,0.55310383298322,2000692260000000198882864228424,9522734400,3617209176094602998086842224086
"69",180,1.264,1.832,14.168,582.24,1.12,0.0238,1823,NA,"Transit",4,1.12502708768445,3477484080000000147084424686426,9036588800,3091022534539529416202688628080
"70",181,1.178,1.169,13.204,371.528,0.89,0.0379,1271,NA,"Transit",3,0.88686470530333,2218984110000000162660226868406,8421757600,2502054819332394225022642600668
"71",182,0.825,0.267,9.247,84.857,0.59,0.0523,1082,NA,"Transit",3,0.589695953236828,506816730000000013120200688624,5898090000,859454312375885480666660068042
"72",183,1.571,0.599,17.609,190.372,0.19,0.0509,1752,NA,"Transit",3,0.191591835904146,1137015810000000030248086682484,11231393200,5934573384269126708486806200628
"73",184,1.274,0.671,14.28,213.255,0.403,0.04438,1686,NA,"Transit",3,0.402432427087421,1273685490000000101860648468084,9108080800,3164967344252592116680204662808
"74",185,1.73,0.615,19.392,195.457,0.15,0.0608,1770,NA,"Transit",3,0.147304338496561,1167386849999999983602004260286,12368116000,7924999778789649570622604628622
"75",186,1.685,0.8,18.887,254.253,0.2,0.0426,1941,NA,"Transit",3,0.207381018519326,1518552000000000200646662866824,12046402000,7322521660093408351820222682484
"76",187,1.28,1.044,14.348,331.801,0.61,0.0575,1428,5.2,"Transit",3,0.617375401304697,1981710359999999981866862420240,9150976000,3209895236855987323402686068040
"77",188,1.281,0.662,14.359,210.395,0.39,0.0443,1361,5.7,"Transit",3,0.390561411790587,1256601780000000075204068486688,9158125200,3217424307841685533008842004840
"78",189,1.242,0.352,13.922,111.871,0.23,0.0507,1108,7.5,"Transit",3,0.227853974099719,668162879999999958804046228800,8879306400,2932417056318633460480260642488
"79",191,1.426,0.892,15.984,283.492,0.38,0.0452,1652,2,"Transit",3,0.381491626208672,1693185480000000002728882444622,10194759200,4438329346379536536842880000666
"80",192,1.284,0.493,14.392,156.684,0.28,0.0577,1458,2.5,"Transit",3,0.288822205371877,935807669999999952326642206800,9179572800,3240082142559258397440442048202
"81",193,1.413,1.73,15.838,549.823,0.75,0.0438,2131,1.5,"Transit",4,0.760498478176843,3283868699999999846204284844288,10101819600,4318047694023636657288824800444
"82",194,1.26,1.06,14.12,336.89,0.66,0.04075,NA,2.6,"Transit",3,0.657162785318182,2012081400000000216686684208068,9007992000,3061770150337711551884888846064
"83",195,1.288,1.35,14.437,429.0705,0.78,0.0453,1862,3.37,"Transit",3,0.783546745647067,2562556500000000039424442840486,9208169600,3270457715810936104202824406864
"84",196,1.293,0.309,14.493,98.20947,0.178,0.05069,1192,8.2,"Transit",3,0.177272609031763,586540709999999996204282840004,9243915600,3308693391514913368426662800064
"85",197,1.009,0.818,11.31,259.98494,0.98,0.03694,1218,9.4,"Transit",3,0.987548734271572,1552719419999999972264606424680,7213542800,1572296501544609750982664044088
"86",198,1.318,1.484,14.773,471.65972,0.8,0.03159,1778,4.67,"Transit",3,0.80383405587996,2816913960000000247884088686468,9422645600,3504347619256208035424486266000
"87",199,0.944,0.76,10.581,241.5508,1.118,0.04117,818,3.9,"Transit",3,1.12040836116704,1442624400000000176582604800886,6748844800,1287588034863761565844448688822
"88",200,1.182,0.582,13.249,184.97706,0.435,0.04604,1313,4.2,"Transit",3,0.437068277805985,1104746579999999886322040286224,8450354400,2527629288370357496004828084220
"89",201,1.466,2.18,16.432,692.8694,0.86,0.0423,1840,2.01,"Transit",4,0.858090935771945,4138054200000000610028468484266,10480727200,4822395887770769466026662840468
"90",202,1.413,1.85,15.838,587.9855,NA,0.0406,2200,1,"Transit",4,0.81324981770356,3511651500000000200006604606068,10101819600,4318047694023636657288824800444
"91",203,1.33,1.057,14.908,335.932,0.558,0.05235,NA,2.3,"Transit",3,0.557184204436294,2006386829999999926242000462800,9508436000,3600939893889979914240022864806
"92",204,1.89,0.527,21.185,167.49641,0.096,0.03951,1930,5.46,"Transit",3,0.096806369772937,1000346130000000099446482664262,13511988000,10333474257389777824004664828402
"93",205,1.59,0.783,17.822,248.86089,0.242,0.04363,1896,4.66,"Transit",3,0.241573405039982,1486282770000000056744240466664,11367228000,6152509916205424673280664060086
"94",206,1.491,1.682,16.713,534.59006,0.629,0.03676,2700,NA,"Transit",4,0.629320375101999,3192755579999999704842424846826,10659457200,5073338964247780691626480040606
"95",207,1.5,1.52,16.81,483.08,0.568,0.0487,1700,NA,"Transit",3,0.558532620277383,2885248800000000353064208600662,10723800000,5165765964693525056000648448642
"96",208,1.4,0.78,15.69,247.9,0.35,0.053,1530,NA,"Transit",3,0.352524436780778,1480588200000000047842880446442,10008880000,4199959053961195933640468068842
"97",209,1.302,1.855,14.594,589.55,1.03,0.0444,1359,NA,"Transit",4,1.04229269263483,3521142450000000308680662628260,9308258400,3378266464767065463266600402224
"98",210,0.969,0.526,10.862,167.17858,0.7,0.04491,1407,3.3,"Transit",3,0.716957058465623,998447940000000049600606480862,6927574800,1392618885902040115840466484822
"99",211,1.51,0.85,16.926,270.1555,0.299,0.04614,1637,7.7,"Transit",3,0.306172947815915,1613461499999999878982842480284,10795292000,5269771583380012238084820828404
"100",212,1.35,2.38,15.132,756.4354,1.19,0.04795,2097,2.36,"Transit",4,1.19964951651521,4517692199999999886080264628848,9651420000,3765843388261580833280688622404
"101",213,1.212,0.543,13.585,172.58169,0.377,0.04057,1244,2.5,"Transit",3,0.3782428279012,1030717170000000052800080642044,8664830400,2725014445665128380260244624866
"102",214,1.039,1.071,11.646,340.39593,1.191,0.03815,1276,4.9,"Transit",3,1.18419046513129,2032961490000000061482260844628,7428018800,1716752118735058483840448060644
"103",215,1.105,2.17,12.386,689.6911,1.97,0.02712,1505,11,"Transit",4,1.99458078788172,4119072299999999830086086686640,7899866000,2065131843756771226084624802080
"104",216,1.3,3.27,14.572,1039.3041,1.86,0.03744,1592,9.5,"Transit",4,1.84585009179272,6207081300000000070406288642246,9293960000,3362722318350126176206240428426
"105",217,0.777,1.338,8.709,425.25654,3.5,0.1308,814,2.1,"Transit",3,3.5372991422445,2539778220000000004066002866468,5554928400,717999275116000471842204462424
"106",218,1.337,1.98,14.986,629.3034,1.02,0.01761,2060,4.2,"Transit",4,1.02742398547369,3758416200000000208008802620400,9558480400,3658096611660456546028268228088
"107",219,1.168,1.345,13.092,427.463,1.05,0.023,1577,9.7,"Transit",3,1.04682114807772,2553065549999999931080420868484,8350265600,2438874639367197714402028460662
"108",220,1.26,0.613,14.123,194.82979,0.38,0.05163,1277,7.5,"Transit",3,0.380038478679288,1163590470000000024666000424844,9007992000,3061770150337711551884888846064
"109",221,1.75,0.65,19.616,206.5895,0.153,0.04735,1918,4.04,"Transit",3,0.150410426359799,1233823500000000039948628480660,12511100000,8203045027267960667284680062202
"110",222,1.5,0.53,16.814,168.4499,0.18,0.0611,1659,2.3,"Transit",3,0.194751505754614,1006040700000000108348842604084,10723800000,5165765964693525056000648448642
"111",223,1.194,0.672,13.384,213.58176,0.48,0.04131,1253,6.2,"Transit",3,0.489592802269062,1275583680000000010980466408426,8536144800,2605397126118261641442846680842
"112",224,1.251,0.653,14.022,207.54299,0.411,0.05475,1212,5.5,"Transit",3,0.413637575553714,1239518070000000048720488406802,8943649200,2996628312456200207848448268464
"113",225,1.381,1.071,15.48,340.382,0.51,0.0485,1648,3.2,"Transit",3,0.504297908326241,2032961490000000061482260844628,9873045200,4031270914343819487246086242040
"114",226,1.175,0.706,13.171,224.38798,0.543,0.04354,1414,2.3,"Transit",3,0.539721642031832,1340122140000000017380624444400,8400310000,2482987591446185246448482668802
"115",227,1.64,0.88,18.383,279.6904,0.243,0.0478,1823,4.3,"Transit",3,0.247417184069512,1670407199999999967360442424004,11724688000,6751379077738998919248046206242
"116",228,1.249,0.92,14,292.4036,0.58,0.04024,1437,3.5,"Transit",3,0.585570573282936,1746334799999999991524820820042,8929350800,2982278959493079904000264424440
"117",229,1.23,1.192,13.787,378.85336,0.79,0.03727,1429,3,"Transit",3,0.79440076339625,2262642480000000042822242222224,8793516000,2848238048421140116264200466808
"118",230,1.43,0.941,16.029,299.07803,0.4,0.03166,1445,7.7,"Transit",3,0.399080256590535,1786196790000000053446440802446,10223356000,4475783405724018276488022262402
"119",231,1.464,1.222,16.41,388.38826,0.484,0.03199,2037,2.13,"Transit",3,0.482977286827255,2319588180000000131200842206044,10466428800,4802685847273887044808880602402
"120",232,1.02,1.323,11.433,420.471,1.55,0.0362,1315,2.1,"Transit",3,1.54610171052585,2511305369999999959848202226008,7292184000,1624282123810514586182040820404
"121",233,0.912,0.237,10.223,75.323,0.39,0.0542,1025,3.6,"Transit",3,0.387473997024483,449871029999999995040642206648,6520070400,1161035407420060344588442426606
"122",234,0.998,0.319,11.187,101.38777,0.399,0.03623,713,8.1,"Transit",3,0.397995160247032,605522610000000002240804242026,7134901600,1521432093858018804008284662266
"123",235,0.873,0.138,9.785,43.86054,0.259,0.04667,1324,5.1,"Transit",3,0.257226131934797,261950220000000019824040482260,6241251600,1018365505983662741440688484282
"124",236,1.065,0.837,11.938,266.02371,0.85,0.03048,1823,10.8,"Transit",3,0.859320883749859,1588785029999999934406604446224,7613898000,1848884462189424506082826044626
"125",284,1.11,10.98,12.44,3489.63,NA,0.353,NA,NA,"Radial Velocity",5,9.95662465737869,20842126199999999720062642424884,7935612000,2093292347276970325860244088626
"126",354,0.813,0.368,9.113,116.957,0.85,NA,NA,2.6,"Radial Velocity",3,0.849287855025707,698533920000000052984662244860,5812299600,822493711485908130566880824086
"127",408,1.02,3.22,11.43,1023.37,3.78,0.1614,NA,2.8,"Radial Velocity",4,3.76299887217932,6112171800000000111822642620080,7292184000,1624282123810514586182040820404
"128",601,1.098,0.398,12.31,126,NA,0.0368,NA,NA,"Radial Velocity",3,0.372867716859545,755479620000000000666244200662,7849821600,2026133091818671906246646820202
"129",638,0.98,3.94,10.98,1252.2,NA,0.449,NA,NA,"Radial Velocity",4,5.19154623950163,7478868599999999982648024260442,7006216000,1440585955508690335864000086604
"130",672,0.209,0.02473,2.341,7.86,3.35,0.0796,NA,NA,"Radial Velocity",2,3.35941757384911,46942238700000001604266200002,1494182800,13973326527019135815280004666
"131",682,0.226,0.037,2.53,11.82,4.17,0.0906,690,2,"Radial Velocity",2,3.97516480260595,70233029999999997678486442420,1615719200,17667954283042121021840666084
"132",712,1.051,21.9987,11.777,6991.57,NA,773,NA,NA,"Imaging",1,23.4999858553316,41757712352999997780448206888444,7513809200,1776924999447443478086066420880
"133",713,1.11,30,12.442,9534.9,NA,20.3,1200,0.6,"Imaging",1,27.2038925064992,56945700000000002880048222662806,7935612000,2093292347276970325860244088626
"134",715,1.2,7,13,2000,NA,68,NA,NA,"Imaging",5,5.02380800516766,13287330000000001122464028460644,8579040000,2644872173923085666404020262624
"135",716,1.2,10,13,3000,NA,38,NA,NA,"Imaging",5,7.17686857881095,18981900000000000960002440426482,8579040000,2644872173923085666404020262624
"136",717,1.2,10,13,3000,NA,24,NA,NA,"Imaging",5,7.17686857881095,18981900000000000960002440426482,8579040000,2644872173923085666404020262624
"137",719,0.343,0.08495,3.84,27,2.6,NA,NA,NA,"Transit",2,2.61071674561965,161251240500000013542428026840,2452175600,61765122842435094566022282264
"138",734,0.223,1.4,2.5,444.962,NA,0.0088,2100,NA,"Transit",4,156.564097280439,2657465999999999999202808868882,1594271600,16973661562011407121044680080
"139",739,0.397,0.09156,4.45,29.1,1.8,NA,NA,NA,"Transit",2,1.81473408114553,173798276399999991280222022644,2838232400,95770657643841373354040688020
"140",741,1.19,0.73,13.339,232.0159,0.53,0.04217,1171,2.6,"Transit",3,0.537230558069315,1385678700000000088184004448666,8507548000,2579299854013919235468802088486
"141",745,1.039,0.579,11.646,184.02357,0.64,0.04839,1092,3.9,"Transit",3,0.64019260439871,1099052009999999877440280266402,7428018800,1716752118735058483840448060644
"142",746,1.06,1.774,11.882,563.83042,NA,0.022,NA,NA,"Transit",4,1.84720353681435,3367389060000000351262068684602,7578152000,1822965901097903533922264048008
"143",750,0.45,3.7,5.04,1175.971,NA,NA,NA,0.009,"Transit",4,50.3550364285165,7023303000000000400002208202026,3217140000,139475681046725214098820268468
"144",751,1.35,1.76,15.132,559.3808,0.94,0.04419,1742,NA,"Transit",4,0.88713577691881,3340814399999999934620884848008,9651420000,3765843388261580833280688622404
"145",759,0.138,0.03776,1.55,12,17.5,0.0506,1184,NA,"Transit",2,17.8185950545509,71675654400000009172240008280,986589600,4022519967515273879240448808
"146",760,0.216,0.03115,2.42,9.9,3.6,0.0964,858,NA,"Transit",2,3.83332400943006,59128618500000005058628880002,1544227200,15424894518319432693860666628
"147",761,0.732,0.15826,8.2,50.3,0.5,0.062,NA,3.09,"Transit",3,0.50039924984145,300407549400000044842208622848,5233214400,600335730909235880606660204804
"148",809,0.205,1.9,2.3,603.877,NA,NA,NA,0.85,"Transit",4,273.508450753206,3606561000000000159884040628424,1465586000,13186287261208982264028608626
"149",832,0.31,0.03458,3.47,10.99,NA,0.0653,NA,0.8,"Transit",2,1.43952310263747,65639410200000000158282866484,2216252000,45598024845684398336042448084
"150",833,1.29,0.97,14.46,308.2951,NA,0.159,NA,2.4,"Transit",3,0.560378333194038,1841244299999999951202686808808,9222468000,3285716436439105279046080066246
"151",834,1.11,27.23,12.442,8654.15,24.7,0.02466,NA,NA,"Transit",1,24.6920664317324,51687713699999999038208444800648,7935612000,2093292347276970325860244088626
"152",835,1.399,0.679,15.681,215.80657,0.308,0.0525,1377,4.5,"Transit",3,0.307535575961718,1288871010000000219206020806848,10001730800,4190965568680866313260202666644
"153",836,1.743,1.284,19.537,408.09372,0.322,0.03005,1970,5.11,"Transit",3,0.300712578204897,2437275960000000126404648206228,12461055600,8105001708107173448824642828080
"154",837,1.443,0.91,16.175,289.2253,0.36,0.04613,1642,NA,"Transit",3,0.375596149004919,1727352900000000055848042806224,10316295600,4598963286967502033282646286828
"155",838,1.525,1.31,17.094,416.3573,0.46,0.04881,2087,0.65,"Transit",3,0.458079119982244,2486628900000000015460064284448,10902530000,5428382983481950716486260880200
"156",839,1.286,1.522,14.415,483.717,NA,0.05496,NA,NA,"Transit",3,0.887504325557812,2889045180000000171204804884606,9193871200,3255246309007210770442266462660
"157",840,1.345,1.477,15.076,469.415,0.75,0.04122,1816,3,"Transit",3,0.752822124612062,2803626630000000320000460684482,9615674000,3724155465601838485248260846800
"158",841,1.699,0.902,19.044,286.68266,0.228,0.04317,1823,4.44,"Transit",3,0.228089415706036,1712167380000000219944884844266,12146490800,7506562172997350676048446422600
"159",842,1.18,0.442,13.227,141,NA,0.08,NA,4.9,"Transit",3,0.333622228638877,838999980000000083462868446802,8436056000,2514820380593284035624044400022
"160",844,1.533,1.28,17.183,406.8224,0.442,0.04415,2048,1.3,"Transit",3,0.440618002008961,2429683200000000208424480824684,10959723600,5514262215620024973800462868220
"161",845,1.86,0.867,20.849,275.55861,0.167,0.04571,1675,5.4,"Transit",3,0.167093284759265,1645730730000000022884264480444,13297512000,9849173366667830744084284042864
"162",857,1.43,10,16.029,3178.3,NA,0.151,NA,1.5,"Transit",5,4.24102291807157,18981900000000000960002440426482,10223356000,4475783405724018276488022262402
"163",858,1.512,9.28,16.948,2949.4624,3.6,0.03641,2550,NA,"Transit",5,3.32944108564418,17615203199999998837886066440802,10809590400,5290738819783565642462220660682
"164",859,0.337,0.027,3.78,8.7,0.87,NA,NA,2.2,"Transit",2,0.874888671878408,51251130000000000446402280806,2409280400,58580173280747268356228242026
"165",869,0.068,0.0014,0.759,0.44,NA,0.006,NA,NA,"Orbital Brightness Modulation",2,5.52179182330661,2657465999999999986080608224,486145600,481268777425337931564208802
"166",870,0.077,0.0021,0.867,0.655,NA,0.0076,NA,NA,"Orbital Brightness Modulation",2,5.70460858224688,3986198999999999704024868662,550488400,698768187602793917804448282
"167",871,0.153,0.033,1.71,10.5,10.1,0.05119,1486,3.16,"Transit",2,11.4266356367074,62640270000000000536686206284,1093827600,5481952167860486930462000226
"168",872,0.385,0.049,4.32,15.6,0.91,0.1013,1012,3.16,"Transit",2,1.06486026868609,93011309999999997864448408606,2752442000,87346023450349237392864882806
"169",873,1.005,0.334,11.27,106,0.363,0.1684,806,3.16,"Transit",3,0.408062807567854,633995460000000046484444224686,7184946000,1553671268839118283048848020086
"170",874,0.585,0.11,6.56,35,0.6,0.3046,584,3.16,"Transit",2,0.681402650682973,208800899999999995920884848008,4182282000,306428071259655150902204084264
"171",876,0.132,0.0145,1.481,4.60853,8,0.0172,2130,NA,"Transit",2,7.8185270017099,27523755000000001700848240224,943694400,3520324863491626881280846644
"172",877,0.21,0.054,2.35,17.2,7.1,NA,584,NA,"Transit",2,7.23127049806724,102502260000000000882804460602,1501332000,14174861807119037894602868200
"173",878,0.118,0.023,1.32,7.34,14.25,NA,NA,6.46,"Transit",2,17.3604327119778,43658370000000003304662244860,843605600,2514820380593284308224844466
"174",891,0.51,0.16,5.77,51.1,1.45,0.0474,1513,5.9,"Transit",2,1.49585048335079,303710400000000026048860648268,3646092000,203035265476314323264080640808
"175",892,0.112,0.01,1.25,3.78,10.5,0.0684,1413,5.9,"Transit",2,8.82723449471099,18981900000000001628860648268,800710400,2150379035628132341604240424
"176",906,0.105,0.012,1.18,3.8,13.27,NA,NA,1.41,"Transit",2,12.855591996564,22778280000000000194260666206,750666000,1771857725889879736704626400
"177",907,0.198,0.028,2.22,8.93,4.68,NA,NA,1.41,"Transit",2,4.47343562805368,53149320000000006326882406666,1415541600,11881096414284240106642046482
"178",919,0.301,0.031,3.37,9.7,1.38,NA,NA,5.7,"Transit",2,1.40974622008178,58843889999999997572202226842,2151909200,41740768062911598748668688042
"179",920,0.459,0.114,5.14,36.1,1.47,NA,NA,5.7,"Transit",2,1.46199378516795,216393660000000019440224622048,3281482800,148012708532233163626660664202
"180",946,0.117,0.01447,1.31,4.6,11.2,NA,NA,NA,"Transit",2,11.2044276765712,27466809300000000206800004682,836456400,2451424570077242238664408664
"181",959,0.223,0.033,2.5,10.44,3.28,NA,NA,4.83,"Transit",2,3.69043943589606,62640270000000000536686206284,1594271600,16973661562011407121044680080
"182",961,0.228,0.035,2.56,11.17,3.1,NA,NA,4.83,"Transit",2,3.66220149086431,66436650000000003500864400846,1630017600,18141178240938442882668684404
"183",1014,0.161,0.006,1.8,1.9,1.72,0.091,NA,8.5,"Transit",2,1.78300415009466,11389140000000000097680888608,1151021200,6387612726193234578462208482
"184",1015,0.256,0.009,2.87,2.9,0.66,0.107,NA,8.5,"Transit",2,0.665275216923165,17083710000000000146628622482,1830195200,25679161894847902632066808266
"185",1016,0.278,0.023,3.12,7.3,1.28,0.155,NA,8.5,"Transit",2,1.32761508983712,43658370000000003304662244860,1987477600,32884810013236782720004404082
"186",1017,0.374,0.025,4.19,8,0.58,0.195,NA,8.5,"Transit",2,0.592657703478224,47454750000000006278886488462,2673800800,80071092844140556792262206444
"187",1018,0.222,0.006,2.49,2,0.69,0.25,NA,8.5,"Transit",2,0.680097312662479,11389140000000000097680888608,1587122400,16746338778215755516864446402
"188",1019,0.297,0.079,3.33,25,4,0.466,NA,8.5,"Transit",2,3.73969750916657,149957009999999998352866846826,2123312400,40098700398209310908686640606
"189",1057,0.162,0.037,1.82,11.7,10.73,NA,NA,6.89,"Transit",2,10.7928318819694,70233029999999997678486442420,1158170400,6507377374916012042008400024
"190",1070,0.143,0.009,1.6,2.8,NA,NA,NA,NA,"Transit",2,3.81692062626442,17083710000000000146628622482,1022335600,4475783405724017097028868206
"191",1071,0.226,0.012,2.53,3.9,NA,NA,NA,NA,"Transit",2,1.28924263868301,22778280000000000194260666206,1615719200,17667954283042121021840666084
"192",1108,0.719,0.094,8.059,29.875,0.3,0.1445,984,5.3,"Transit",3,0.313631672630088,178429860000000007392644824044,5140274800,568915309170475745920462026024
"193",1109,1.101,1.84,12.341,584.78,1.74,0.2804,704,5.3,"Transit",4,1.70975781636824,3492669599999999983048640640084,7871269200,2042786157526627954244422660066
"194",1144,1.754,0.432,19.661,137.30256,0.11,0.0553,1480,NA,"Transit",3,0.0992827302105443,820018080000000007046402280806,12539696800,8259423147016862442444246268408
"195",1173,0.156,0.113,1.75,36,NA,NA,NA,NA,"Transit Timing Variations",2,36.9133431682129,214495470000000004768644642280,1115275200,5810784166109019291206444246
"196",1250,0.101,0.097,1.13,30.7,NA,NA,NA,NA,"Transit",2,116.757918676773,184124430000000016230404628226,722069200,1576975952352504971846028066
"197",1251,0.101,0.105,1.13,33.3,NA,NA,NA,NA,"Transit",2,126.387437742898,199309949999999992902828826042,722069200,1576975952352504971846028066
"198",1287,0.215,0.051,2.41,16.13,6,NA,NA,3.66,"Transit",2,6.36404919429435,96807689999999992032084464880,1537078000,15211650168699564572868044684
"199",1288,0.075,0.026,0.84,8.25,77.7,NA,NA,3.66,"Transit",2,76.4307796169051,49352939999999994556846264846,536190000,645720745586690836520262624
"200",1380,0.047,0.00021,0.522,0.066,2.6,NA,NA,NA,"Transit",2,2.50844424634129,398619900000000025408200602,336012400,158911205852555811578224224
"201",1381,0.107,0.0062,1.197,1.97,6.2,NA,NA,NA,"Transit",2,6.27652247357431,11768777999999999074464020028,764964400,1875047536203274494820208806
"202",1382,0.108,0.00201,1.212,0.64,2.1,NA,NA,NA,"Transit",2,1.9788073859273,3815361900000000164488260848,772113600,1928111814789929086620222246
"203",1409,1.136,8.4,12.733,2669.66,7.1,NA,NA,2.2,"Transit",5,7.10596433922436,15944795999999999995280826280462,8121491200,2243860965074927496646648288068
"204",1471,0.236,0.117,2.65,37.1,NA,NA,NA,NA,"Transit",2,11.0389708005511,222088230000000028288084626420,1687211200,20118563044746274466662422288
"205",1472,0.385,0.25,4.32,79.4,NA,NA,NA,NA,"Transit",2,5.43296055452084,474547500000000009920824228082,2752442000,87346023450349237392864882806
"206",1535,0.96,0.66,10.76,209.76,0.93,0.05714,NA,3.7,"Transit",3,0.925143215237349,1252805400000000116244084640866,6863232000,1354174553048619757608008242406
"207",1666,0.754,0.333,8.449,105.833,0.964,0.7048,NA,NA,"Transit",3,0.963405070327011,632097270000000067964602806460,5390496800,656107476977929954920400660204
"208",1727,1.059,1.51968,11.874,483,NA,2.7205,NA,4.4,"Transit",3,1.58687602714375,2884641379199999774288642008462,7571002800,1817811429410855625286022066868
"209",1744,1.31,2.45,14.68,778.65,1.35,0.02591,1570,1.78,"Transit",4,1.35154630374189,4650565500000000280004404642482,9365452000,3440922066172987185604600282464
"210",1765,0.259,0.006,2.9,2,NA,NA,NA,NA,"Transit",2,0.42828285578745,11389140000000000097680888608,1851642800,26592565745037055490668664244
"211",1766,0.633,0.024,7.1,7.5,NA,NA,NA,NA,"Transit",2,0.117348851477125,45556560000000000398420222402,4525443600,388214792275835406644628622008
"212",1772,0.178,0.022,2,6.9,4.9,0.0447,NA,10,"Transit",2,4.83772754355293,41760179999999997424046228800,1272557600,8632189312862887285886064640
"213",1773,0.49,0.054,5.49,17.3,0.59,0.0752,NA,10,"Transit",2,0.569225374483427,102502260000000000882804460602,3503108000,180073244438586291978000062208
"214",1774,0.623,0.052,6.98,16.4,0.27,0.1172,NA,10,"Transit",2,0.266696880217071,98705879999999989112682428682,4453951600,370105116788996276128606448644
"215",1799,0.197,0.064,2.209,20.3,10.4,NA,NA,1.9,"Transit",2,10.3814980625257,121484160000000006904264484204,1408392400,11701987446159063947224442868
"216",1827,0.17,0.027,1.91,8.7,6.5,0.04537,1014,8.8,"Transit",2,6.81546876476702,51251130000000000446402280806,1215364000,7519824647270901676062028624
"217",1828,0.274,0.051,3.07,16.1,2.91,0.093,713,8.8,"Transit",2,3.074660860029,96807689999999992032084464880,1958880800,31485648143674307632044646046
"218",1829,0.245,0.063,2.75,20.1,4.07,0.3453,369,8.8,"Transit",2,5.31277016184532,119585970000000009826666822802,1751554000,22509155554823286496000024406
"219",1830,0.077,0.01,0.868,3.08,NA,NA,1040,8.8,"Transit",2,27.1648027726042,18981900000000001628860648268,550488400,698768187602793917804448282
"220",1831,0.092,0.045,1.03,14.3,NA,NA,705,8.8,"Transit",2,71.6684090018518,85418549999999991936080428402,657726400,1191857768152673355148220866
"221",1857,0.146,0.01598,1.639,5.08,6.4,0.042717,2025,3.03,"Transit",2,6.36791033196755,30333076200000000728648600828,1043783200,4763427030014058036064280886
"222",1883,0.212,0.113,2.38,36,14.7,0.849,262,NA,"Transit",2,14.7078635611627,214495470000000004768644642280,1515630400,14583727208783228992802880082
"223",1895,0.267,0.02328,2.99,7.4,1.54,NA,NA,NA,"Transit",2,1.51679861567558,44189863199999999672620002826,1908836400,29133638930912244860848440884
"224",1896,0.307,0.01605,3.44,5.1,0.71,NA,NA,NA,"Transit",2,0.68792111848213,30465949499999995422820488208,2194804400,44286980994596996356424604066
"225",1897,0.467,0.02517,5.24,8,0.31,NA,NA,NA,"Transit",2,0.306486468918598,47777442300000005958842828682,3338676400,155887607268853260096042086466
"226",1898,0.41,0.0151,4.6,4.8,0.28,NA,NA,NA,"Transit",2,0.271709053050882,28662669000000000832408804686,2931172000,105490298089671858112064804868
"227",1916,0.17,0.8,1.9,254.3,NA,0.075,NA,6,"Transit",4,201.939815252356,1518552000000000200646662866824,1215364000,7519824647270901676062028624
"228",1917,0.285,2.7,3.2,858.1,NA,0.099,NA,6,"Transit",4,144.646495456309,5125113000000000079848884680862,2037522000,35431988751832883266266006826
"229",1940,0.5,0.534,5.6,169.7,NA,NA,NA,NA,"Transit",2,5.29797586786797,1013633460000000026240400266248,3574600000,191324665359019519408006844202
"230",1941,0.178,0.042,2,13.5,NA,NA,NA,NA,"Transit",2,9.23566167405559,79723980000000000680466408426,1272557600,8632189312862887285886064640
"231",1944,0.214,1.6,2.4,508.5,NA,0.08,NA,7.7,"Transit",4,202.468466889494,3037104000000000401282224622648,1529928800,15000380289626195958460604408
"232",1945,0.25,1.6,2.8,508.5,NA,0.106,NA,7.7,"Transit",4,126.992679978858,3037104000000000401282224622648,1787300000,23915583169877439936002688404
"233",1973,0.242,0.0302,2.71,9.6,2.5,NA,NA,11,"Transit",2,2.64264956799679,57325338000000001664806608262,1730106400,21692372191237750802222482040
"234",1974,0.464,0.0774,5.2,24.6,0.9,NA,NA,11,"Transit",2,0.960872470427185,146919905999999988946800264240,3317228800,152902607288438833002404686440
"235",2005,0.248,0.01611,2.78,5.12,1.26,NA,NA,NA,"Transit",2,1.30984295832861,30579840899999998414808842882,1773001600,23346188720990412334484404826
"236",2006,0.243,0.01951,2.72,6.2,1.61,NA,NA,NA,"Transit",2,1.68623143156936,37033686900000000816084280000,1737255600,21962398640341538304680266882
"237",2032,0.357,9.11,4,2895.31,NA,0.118,NA,NA,"Transit",5,248.308999696167,17292510899999999649688404282260,2552264400,69641096058375823716402488228
"238",2033,0.437,13.8,4.9,4385.87,NA,0.191,NA,NA,"Transit",1,205.075371629928,26195022000000002406842282842464,3124200400,127733631746237286864804424020
"239",2050,0.259,0.052,2.9,16.6,NA,NA,NA,NA,"Transit",2,3.7117847501579,98705879999999989112682428682,1851642800,26592565745037055490668664244
"240",2051,0.25,0.051,2.8,16.3,NA,NA,NA,NA,"Transit",2,4.04789167432609,96807689999999992032084464880,1787300000,23915583169877439936002688404
"241",2052,0.261,0.275,2.92,87.3,NA,NA,NA,NA,"Transit",2,19.1818240747685,522002250000000060160048246004,1865941200,27213379080388646332846426846
"242",2053,0.3,0.202,3.36,64.2,NA,NA,NA,NA,"Transit",2,9.2782556986868,383434380000000009122282680248,2144760000,41326127717548213536080848486
"243",2057,0.384,0.155,4.3,49.4,NA,NA,NA,NA,"Transit",2,3.39482003697417,294219449999999987866066684260,2745292800,86667171395111659840068620066
"244",2058,0.277,0.118,3.1,37.5,NA,NA,NA,NA,"Transit",2,6.88527723642428,223986420000000007786400644266,1980328400,32531212950304183132860442804
"245",2059,0.321,1.51,3.6,479.9,NA,0.062,NA,NA,"Transit",4,56.6161824079881,2866266900000000136846264864488,2294893200,50626283477488412460668062808
"246",2060,0.303,1.36,3.4,432.23,NA,0.081,NA,NA,"Transit",4,60.6303052311611,2581538400000000256642446886660,2166207600,42578350713517630940866486244
"247",2067,0.219,0.192,2.46,61,NA,NA,NA,NA,"Transit",2,22.669796203361,364452480000000003124260666206,1565674800,16076566226297452606444206822
"248",2068,0.277,0.177,3.1,56.2,NA,NA,NA,NA,"Transit",2,10.3279158546364,335979629999999958980440682246,1980328400,32531212950304183132860442804
"249",2084,0.192,0.023,2.15,7.3,4.1,0.21,NA,0.65,"Transit",2,4.02997991485966,43658370000000003304662244860,1372646400,10833396424388957480026240022
"250",2085,1.034,0.42,11.59,132,0.47,0.51,NA,0.65,"Transit",3,0.471157822378154,797239799999999971608282284068,7392272800,1692086519918014391848068440666
"251",2086,0.239,0.013,2.68,4,1.2,0.33,NA,0.65,"Transit",2,1.18094149074873,24676469999999997278428682428,1708658800,20895590673467521302448008484
"252",2087,0.299,0.01419,3.35,4.51,0.65,NA,NA,NA,"Transit",2,0.658335936065561,26935316099999999438468880442,2137610800,40914242447365984904644402628
"253",2088,0.28,0.01259,3.14,4,0.7,NA,NA,NA,"Transit",2,0.711263246645833,23898212100000003224042240808,2001776000,33599672431689578798886668482
"254",2119,0.348,0.036,3.9,11.3,1.02,0.18,NA,2,"Transit",2,1.0593598295838,68334840000000000584482488628,2487921600,64505787449810128558440204460
"255",2120,1.097,2.01,12.3,640,1.88,0.3,NA,2,"Transit",4,1.88823005680646,3815361899999999733644464862488,7842672400,2020602249311123073864486426042
"256",2121,0.785,0.073,8.8,23.1,0.19,0.5,NA,2,"Transit",3,0.187151202372888,138567869999999998258462420048,5612122000,740405983200211982400260844222
"257",2135,0.321,0.033,3.6,10.5,NA,NA,NA,NA,"Transit",2,1.23730729765802,62640270000000000536686206284,2294893200,50626283477488412460668062808
"258",2136,0.294,0.019,3.3,6,NA,NA,NA,NA,"Transit",2,0.927236120986378,36065610000000001774888884640,2101864800,38895820798734634704066646046
"259",2142,0.217,0.02341,2.43,7.44,2.62,NA,NA,NA,"Transit",2,2.8411943600375,44436627899999997360040248880,1551376400,15640122522069746131204020822
"260",2143,0.196,0.01145,2.2,3.64,1.74,NA,NA,NA,"Transit",2,1.88588846580881,21734275499999999150040820860,1401243200,11524687644069521068022066060
"261",2149,0.473,4.7,5.3,1493.7,NA,0.26,NA,NA,"Transit",4,55.0799030899358,8921493000000000721688004202220,3381571600,161973650996312942074262264000
"262",2150,0.348,6.8,3.9,2161.244,NA,0.4,NA,NA,"Transit",5,200.101301143608,12907691999999999031246426240642,2487921600,64505787449810128558440204460
"263",2173,0.196,4.1,2.2,1303,NA,0.05,NA,NA,"Transit",4,675.296306534158,7782578999999998952028262280220,1401243200,11524687644069521068022066060
"264",2174,0.178,0.5,2,158.9,NA,0.09,NA,NA,"Transit",2,109.948353262567,949095000000000019840648446064,1272557600,8632189312862887285886064640
"265",2197,0.205,0.09,2.3,28.5,NA,NA,NA,NA,"Transit",2,12.9556634567308,170837099999999983872060846804,1465586000,13186287261208982264028608626
"266",2198,0.482,0.124,5.4,39.4,NA,NA,NA,NA,"Transit",2,1.37328065458786,235375559999999990288808884268,3445914400,171396545355574255530440682486
"267",2229,0.139,0.027,1.56,8.5,NA,NA,NA,NA,"Transit Timing Variations",2,12.4680373654269,51251130000000000446402280806,993738800,4110601251654597840008808064
"268",2233,0.764,0.22,8.564,69.92,0.613,1.0896,NA,NA,"Transit",3,0.611816713572008,417601799999999991840668686006,5461988800,682560300717986073802840060260
"269",2258,0.728,0.127,8.16,40.363,0.41,0.60347,NA,NA,"Transit",3,0.408214394475483,241070129999999999120668682640,5204617600,590547842659375758764666806024
"270",2260,0.277,0.019,3.1,6.1,NA,NA,NA,NA,"Transit",2,1.10864633467849,36065610000000001774888884640,1980328400,32531212950304183132860442804
"271",2261,0.25,0.047,2.8,14.9,NA,NA,NA,NA,"Transit",2,3.73040997437894,89214930000000003696822462022,1787300000,23915583169877439936002688404
"272",2284,0.133,0.014,1.486,4.45,7.46,0.1153,978,6.8,"Transit",2,7.3799232375668,26574660000000003168446208888,950843600,3600939893889980314468200620
"273",2285,0.328,0.025,3.679,8.08,0.89,0.1283,928,6.8,"Transit",2,0.878612159337755,47454750000000006278886488462,2344937600,54011032621911990368088288824
"274",2307,0.029,0.03146,0.32,10,NA,NA,NA,5.66,"Transit",2,1599.71809145791,59717057400000002916086208240,207326800,37329738107529011964686440
"275",2308,0.067,0.03776,0.75,12,NA,NA,NA,5.66,"Transit",2,155.69917424086,71675654400000009172240008280,478996400,460347042618998265088062020
"276",2309,0.173,0.03839,1.94,12.2,NA,NA,NA,5.66,"Transit",2,9.19514399167962,72871514100000005400604286840,1236811600,7924999778789651118480428466
"277",2333,0.384,0.384,4.3,122,NA,0.4632,475,10,"Transit",2,8.41039286579408,728904960000000006248420222402,2745292800,86667171395111659840068620066
"278",2354,1.24,20.1,13.9,6388.1,13,0.164,897,2.1,"Transit",1,13.0740377218647,38153619000000004092684420242604,8865008000,2918273590123801493444068662026
"279",2367,0.312,0.238,3.5,75.5,NA,NA,NA,NA,"Transit",2,9.71833592260472,451769219999999974528084664404,2230550400,46486273328872154338608222628
"280",2368,0.473,0.056,5.3,17.9,NA,NA,NA,NA,"Transit",2,0.656271185752427,106298640000000012642664802222,3381571600,161973650996312942074262264000
"281",2377,0.357,0.077,4.002,24.472,1.91,0.0456,1650,4.5,"Transit",2,2.09876981082381,146160630000000004186620820262,2552264400,69641096058375823716402488228
"282",2378,1.17,2.2,13.11,699.2,1.68,0.08,1620,2.8,"Transit",4,1.70350662670743,4176018000000000481280024628002,8364564000,2451424570077241207206602042682
"283",2395,0.128,0.02,1.43,6.35,11.82,NA,NA,5.84,"Transit",2,11.8271149675229,37963800000000003256620286426,915097600,3209895236855987829022606422
"284",2396,0.076,0.009,0.85,2.71,24.39,NA,NA,5.84,"Transit",2,25.4261417794294,17083710000000000146628622482,543339200,671895490405127580322622840
"285",2401,1.29,0.56,14.46,177.98,0.33,0.03101,1790,4.4,"Transit",3,0.323517388235733,1062986400000000056000864400846,9222468000,3285716436439105279046080066246
"286",2405,1.341,0.941,15.031,299.07803,0.52,0.02897,1850,NA,"Transit",3,0.483929415780337,1786196790000000053446440802446,9587077200,3691027517142669396480640000002
"287",2406,0.388,0.211,4.347,67,3.2,0.3553,NA,NA,"Transit",2,4.47987617618643,400518089999999965322088660800,2773889600,89403830429292749546080842086
"288",2407,0.153,0.011,1.71,3.5,NA,NA,NA,NA,"Transit Timing Variations",2,3.80887854556913,20880089999999998712028664400,1093827600,5481952167860486930462000226
"289",2408,0.269,0.094,3.01,29.9,NA,NA,NA,NA,"Transit Timing Variations",2,5.98893701028553,178429860000000007392644824044,1923134800,29793243724814718438406826048
"290",2409,0.108,0.377,1.21,119.9,NA,NA,NA,NA,"Transit Timing Variations",2,371.149445022185,715617630000000079404242420466,772113600,1928111814789929086620222246
"291",2411,0.221,0.183,2.48,58.2,NA,NA,NA,NA,"Transit Timing Variations",2,21.0258228215642,347368769999999976586080680080,1579973200,16521054750054171304086068608
"292",2413,0.206,0.035,2.31,11,NA,NA,NA,NA,"Transit Timing Variations",2,4.96529567365049,66436650000000003500864400846,1472735200,13380200166640976902404628420
"293",2415,1.2,1.1,13.45,349.6,NA,NA,NA,7,"Transit",3,0.789455543669204,2088009000000000240640062864006,8579040000,2644872173923085666404020262624
"294",2416,0.96,2.5,10.8,794.5,NA,0.37,NA,NA,"Transit",4,3.50433036074753,4745475000000000240008660684628,6863232000,1354174553048619757608008242406
"295",2421,0.94,1.45,10.54,460.83,2.1,0.382,511,9.3,"Transit",3,2.16502628404457,2752375499999999959040004846048,6720248000,1271289646820446771860442460424
"296",2423,1.15,0.43,12.89,136.66,0.38,0.082,NA,NA,"Transit",3,0.350633709463282,816221700000000048000628444264,8221580000,2327847203423189328640206008862
"297",2424,1.192,0.595,13.361,189.101,0.459,0.03585,1605,11,"Transit",3,0.435679305056539,1129423049999999971520846482262,8521846400,2592326596401984002088084020084
"298",2425,0.89,1.03,9.98,327.35,1.94,0.044,NA,NA,"Transit",3,1.8119488617671,1955135700000000128268884226248,6362788000,1079023664107860890806806800402
"299",2427,0.978,0.25,10.962,79.45,0.27,0.0464,1070,5,"Transit",3,0.331437905692064,474547500000000009920824228082,6991917600,1431784029075109878322442288442
"300",2428,1.09,0.34,12.22,108.06,0.26,0.0414,1300,6,"Transit",3,0.32559532083243,645384600000000064168664224440,7792628000,1982167920441805650460448200046
"301",2429,1.23,0.29,13.79,92.17,0.16,0.091,1100,7,"Transit",3,0.193268642101437,550475099999999963648088220406,8793516000,2848238048421140116264200466808
"302",2430,1.08,1.27,12.11,403.63,1.02,0.0433,1070,5,"Transit",3,1.25029123389436,2410701299999999991206686826400,7721136000,1928111814789929913642800226022
"303",2431,1.219,3.23,13.664,1026.5909,5,0.046,1620,NA,"Transit",4,2.21141442023547,6131153700000000328082606266464,8714874800,2772503264832274097866208442848
"304",2437,1.145,5.41,12.834,1719.4603,4.46,0.301,NA,4.2,"Transit",5,4.46950612556262,10269207900000000375244622206088,8185834000,2297615801725146344844806882662
"305",2439,1.45,2.82,16.25,896.24,1.13,0.0679,1776,2.67,"Transit",4,1.14715957225971,5352895799999999307882800602468,10366340000,4666217263441126297284486202480
"306",2440,1.13,2.86,12.67,908.96,2.4,0.1143,1000,4,"Transit",4,2.45815596442227,5428823400000000175264806604804,8078596000,2208494285380264261288402628082
"307",2441,1.99,0.84,22.31,266.97,0.131,0.0948,1729,2.25,"Transit",3,0.132190056612647,1594479599999999943206464468026,14226908000,12062023732028986433882820666468
"308",2447,1.09,1,12.22,317.82,0.93,0.0446,1544,5.8,"Transit",3,0.95763329656597,1898190000000000039680286882028,7792628000,1982167920441805650460448200046
"309",2463,1.65,1.37,18.49,435.41,0.4,0.0769,NA,NA,"Transit",3,0.378222591729613,2600520300000000473866440686844,11796180000,6875634499007083844888880084026
"310",2466,0.96,0.505,10.76,160.497,0.8,0.03,1000,0.5,"Transit",3,0.707874732871002,958585949999999987788682402428,6863232000,1354174553048619757608008242406
"311",2471,0.553,0.00063,6.204,0.2,NA,0.7903,NA,2.49,"Transit",2,0.00462002033691286,1195859700000000076260602866,3953507600,258842951500746854384426080688
"312",2472,0.211,0.02152,2.37,6.84,2.76,0.0954,NA,5.25,"Transit",2,2.8410156942612,40849048799999999880486460682,1508481200,14378325639845754416048880002
"313",2475,0.808,6,9.057,1907,14,0.1968,543,9.7,"Transit",5,14.1057408195199,11389139999999999675282640246666,5776553600,807411687604482545526682046022
"314",2488,0.27,2,3.03,636,NA,0.2962,NA,NA,"Transit",4,126.013604675967,3796380000000000079260462664046,1930284000,30126747106092654998200884088
"315",2489,0.411,28,4.62,8899,NA,0.991,NA,NA,"Transit",1,500.162696184819,53149320000000004498646082640466,2938321200,106264062484900737680860020068
"316",2500,0.168,0.0124,1.88,3.94,3.23,NA,NA,3.14,"Transit",2,3.243191340279,23537555999999998148828040046,1201065600,7257529245244946962020442488
"317",2501,0.242,0.04597,2.71,14.61,4.01,NA,NA,3.14,"Transit",2,4.02260267022558,87259794299999987520064866002,1730106400,21692372191237750802222482040
"318",2502,0.182,0.025,2.04,7.93,5.08,NA,NA,3.14,"Transit",2,5.14285851307695,47454750000000006278886488462,1301154400,9227310041552746231444204086
"319",2515,0.243,0.98,2.72,311.46,NA,NA,NA,NA,"Transit",4,84.7005024570973,1860226199999999886888004420626,1737255600,21962398640341538304680266882
"320",2516,0.227,0.72,2.55,228.83,NA,NA,NA,NA,"Transit",4,76.336748324462,1366696799999999870966080428402,1622868400,17903523925213405724268042842
"321",2529,1.426,2.111,15.984,670.93913,0.4,0.0538,1750,NA,"Transit",4,0.902835003280836,4007079090000000688008004444866,10194759200,4438329346379536536842880000666
"322",2542,0.633,0.007,7.1,2.1,0.03,0.2514,543,0.3,"Transit",2,0.0342267483474948,13287330000000001589228604444,4525443600,388214792275835406644628622008
"323",2543,0.803,0.013,9,4,0.03,0.384,439,0.3,"Transit",3,0.0311369054727794,24676469999999997278428682428,5740807600,792515172118589137846840606620
"324",2544,0.865,0.024,9.7,7.6,0.046,0.509,381,0.3,"Transit",3,0.0459876959208775,45556560000000000398420222402,6184058000,990624972348706196244208246244
"325",2555,0.187,8.7,2.1,2765,NA,NA,NA,NA,"Transit",5,1649.95904648338,16514252999999999754640042406668,1336900400,10008886605517569599424402888
"326",2556,0.164,10.41,1.84,3308.41,NA,NA,NA,NA,"Transit",5,2926.83282518593,19760157900000000854446802626464,1172468800,6751379077738998796066466648
"327",2571,0.258,18.41,2.89,5851,NA,NA,NA,NA,"Transit",1,1329.45426728122,34945677900000001172286444868628,1844493600,26285731491512841564860842640
"328",2572,0.283,15.74,3.17,5002.43,NA,NA,NA,NA,"Transit",1,861.239922493809,29877510599999999492226068868460,2023223600,34691274544596782972848080848
"329",2583,0.747,0.97,8.373,308.2951,2.9,0.4988,388,NA,"Transit",3,2.88594905660988,1841244299999999951202686808808,5340452400,638003049909310892002006004660
"330",2585,0.187,0.92,2.1,292.39,NA,NA,NA,NA,"Transit",4,174.478427903989,1746334799999999991524820820042,1336900400,10008886605517569599424402888
"331",2586,0.11,0.37,1.23,117.59,NA,NA,NA,NA,"Transit",2,344.74851198712,702330300000000011880406280242,786412000,2037225036742839683840282668
"332",2599,0.217,1.49,2.43,473.55,NA,NA,NA,NA,"Transit",4,180.836377465009,2828303100000000264648608626842,1551376400,15640122522069746131204020822
"333",2600,0.197,1.11,2.21,352.78,NA,NA,NA,NA,"Transit",4,180.05410702193,2106990900000000176426840288264,1408392400,11701987446159063947224442868
"334",2615,0.581,0.07,6.51,22.1,0.442,0.1028,NA,3.5,"Transit",2,0.4426376735259,132873300000000007000628800682,4153685200,300185248448413678964440044868
"335",2616,0.874,0.57,9.8,181,1.06,0.1652,NA,3.5,"Transit",3,1.05881306004582,1081968299999999991686268428064,6248400800,1021869053969898294982402262060
"336",2629,0.195,18.86,2.19,5994.02,NA,NA,NA,NA,"Transit",1,3154.39870709803,35799863399999999684228284860468,1394094000,11349187824431676654648000286
"337",2630,0.138,6.95,1.55,2208.83,NA,NA,NA,NA,"Transit",5,3279.64077407651,13192420500000000036044808264224,986589600,4022519967515273879240448808
"338",2641,0.248,1.39,2.78,441.77,NA,NA,NA,NA,"Transit",4,113.01562458577,2638484099999999782084804868608,1773001600,23346188720990412334484404826
"339",2642,0.255,2.19,2.86,696.02,NA,NA,NA,NA,"Transit",4,163.795627926911,4157036100000000264022080682608,1823046000,25379408184539290408060280606
"340",2654,0.098,2.05,1.1,651.52,NA,NA,NA,NA,"Transit",4,2701.18522613663,3891289499999999476064686640660,700621600,1440585955508690133544022020
"341",2655,0.177,1.37,1.98,435.41,NA,NA,NA,NA,"Transit",4,306.393466221057,2600520300000000473866440686844,1265408400,8487518784502332204062246200
"342",2666,1.304,0.668,14.617,212.31044,0.4,0.04852,1460,NA,"Transit",3,0.373613379191379,1267990920000000092968888448262,9322556800,3393858439289150383886402480044
"343",2667,0.153,0.01318,1.71,4.19,4.62,NA,NA,NA,"Transit",2,4.56372902096374,25018144200000001856008200246,1093827600,5481952167860486930462000226
"344",2668,0.17,0.01211,1.9,3.85,3.06,NA,NA,NA,"Transit",2,3.05686395338254,22987080899999996884204284262,1215364000,7519824647270901676062028624
"345",2669,0.178,0.01309,1.99,4.16,2.91,NA,NA,NA,"Transit",2,2.87844788841399,24847307099999997368020600060,1272557600,8632189312862887285886064640
"346",2697,0.117,0.03,1.31,9,NA,0.0553,750,7,"Transit",2,23.2296358187377,56945700000000000488404448040,836456400,2451424570077242238664408664
"347",2698,0.048,0.013,0.54,4,NA,0.0929,578,7,"Transit",2,145.780143007097,24676469999999997278428682428,343161600,169271819131077460634860088
"348",2699,0.174,0.044,1.95,14,NA,0.12,510,7,"Transit",2,10.358185000375,83520359999999994858082446600,1243960800,8063223431226266068880408820
"349",2700,0.144,0.113,1.61,36,NA,0.427,270,7,"Transit",2,46.9320688313448,214495470000000004768644642280,1029484800,4570339116539090028068406048
"350",2701,0.126,0.11,1.41,35,NA,0.718,208,7,"Transit",2,68.1961380990566,208800899999999995920884848008,900799200,3061770150337711415462808628
"351",2713,0.545,0.378,6.11,120,3,0.08,NA,0.21,"Transit",2,2.89588308881549,717515819999999988524200222648,3896314000,247770990055225706320886400082
"352",2770,0.208,0.01878,2.33,5.97,2.6,NA,NA,6.3,"Transit",2,2.5881194395567,35648008200000003098026024684,1487033600,13773710615962117765820464222
"353",2771,0.089,0.02265,1,7.2,NA,NA,NA,6.3,"Transit",2,39.8452832223541,42994003500000003444466628466,636278800,1079023664107860910662028280
"354",2795,1.622,0.441,18.181,140.16303,0.14,0.06067,1630,NA,"Transit",3,0.12816362176017,837101790000000033526082466402,11596002400,6531508539657619249282006006228
"355",2839,0.96,0.63,10.76,200.22,0.88,0.0781,1078,0.8,"Transit",3,0.883091250908379,1195859700000000027846484602646,6863232000,1354174553048619757608008242406
"356",2850,1.05,10.1,11.77,3209.9,11,0.0818,767,6.2,"Transit",5,10.8201232637747,19171718999999998628240860426486,7506660000,1771857725889879675206286288884
"357",2866,1.36,2.01,15.244,638.8383,1.1,0.0274,2140,NA,"Orbital Brightness Modulation",4,0.990964425432705,3815361899999999733644464862488,9722912000,3850150219402701658042024046248
"358",2879,0.96,0.43,10.761,136.661,0.603,0.04501,1440,7.5,"Transit",3,0.602744822048576,816221700000000048000628444264,6863232000,1354174553048619757608008242406
"359",2892,0.105,0.006,1.173,1.86,5.57,NA,2250,0.75,"Transit",2,6.42779599828199,11389140000000000097680888608,750666000,1771857725889879736704626400
"360",2903,0.31,0.0343,3.47,10.9,1.43,0.117,NA,3.44,"Transit",2,1.42786704512623,65107916999999994984426000060,2216252000,45598024845684398336042448084
"361",2904,0.332,0.019,3.72,5.9,0.62,0.187,NA,3.44,"Transit",2,0.643899490707207,36065610000000001774888884640,2373534400,56011241692998488020224848444
"362",2905,0.639,0.019,7.16,6,0.09,0.287,NA,3.44,"Transit",2,0.0903087348513614,36065610000000001774888884640,4568338800,399359043832915716960462608846
"363",2906,0.311,0.013,3.49,4.1,0.53,0.386,NA,3.44,"Transit",2,0.535970537441714,24676469999999997278428682428,2223401200,46040721039976032376620626064
"364",2917,1.416,0.59,15.872,187.5197,0.27,0.0474,1680,NA,"Transit",3,0.257715763387351,1119932100000000003782406226088,10123267200,4345609617665194088428024482400
"365",2918,0.238,0.0218,2.67,6.93,1.38,0.0648,NA,2,"Transit",2,2.00541543936833,41380542000000005044262260866,1701509600,20634398832111355502804608426
"366",2919,0.244,0.02121,2.74,6.74,1.22,0.0792,NA,2,"Transit",2,1.81071425759322,40260609900000002016022082484,1744404800,22234656700342066068206628268
"367",2920,0.136,0.02124,1.53,6.75,7.04,0.0372,NA,2,"Transit",2,10.4716837791993,40317555599999994716600664268,972291200,3850150219402703452482604406
"368",2921,0.143,0.01299,1.6,4.13,3.75,0.0491,NA,2,"Transit",2,5.50908877057498,24657488100000001178600644048,1022335600,4475783405724017097028868206
"369",3014,1.204,1.02,13.49,324.2,0.729,0.481,478,7.5,"Transit",3,0.724768722017852,1936153800000000192482006802420,8607636800,2671409156026342319842442422068
"370",3015,0.548,0.02,6.14,6.4,0.152,0.676,403,7.5,"Transit",2,0.150718669609264,37963800000000003256620286426,3917761600,251885185149394461066022828028
"371",3047,0.842,0.252,9.438,80.09,0.524,0.14,NA,1,"Transit",3,0.523531717548875,478343880000000039284444288208,6019626400,913686533147523063926642200200
"372",3048,0.823,0.171,9.225,54.347,0.383,0.225,NA,1,"Transit",3,0.380430507392477,324590490000000011562204600066,5883791600,853218876227323995608088082848
"373",3061,1.367,0.81,15.323,257.4423,0.4,0.0731,2040,NA,"Transit",3,0.393240470383205,1537533900000000136320480800662,9772956400,3909907590390443319240420048244
"374",3072,0.313,0.202,3.51,64.3,NA,NA,NA,NA,"Transit",2,8.16953031287635,383434380000000009122282680248,2237699600,46934690895956685818046480026
"375",3073,0.232,0.019,2.6,6.1,NA,NA,NA,NA,"Transit",2,1.88698469644615,36065610000000001774888884640,1658614400,19112825911054854124808262880
"376",3086,0.132,0.01265,1.478,4.02,6.88,0.053,1037,6.6,"Transit",2,6.82099079804346,24012103500000001818604680808,943694400,3520324863491626881280846644
"377",3099,0.313,0.034,3.51,10.84,1.45,NA,NA,1.41,"Transit",2,1.37506945860295,64538460000000006416866422444,2237699600,46934690895956685818046480026
"378",3111,0.305,0.041,3.42,13,1.71,NA,NA,5.63,"Transit",2,1.79210342741145,77825790000000003590848446624,2180506000,43427063867855595176666002422
"379",3123,0.238,0.027,2.67,8.46,2.26,NA,NA,2.34,"Transit",2,2.48377141573142,51251130000000000446402280806,1701509600,20634398832111355502804608426
"380",3137,0.132,0.011,1.48,3.51,5.44,NA,NA,8.42,"Transit",2,5.93129634612475,20880089999999998712028664400,943694400,3520324863491626881280846644
"381",3149,0.178,0.011,1.99,3.55,2.18,NA,NA,2.79,"Transit",2,2.41886377177646,20880089999999998712028664400,1272557600,8632189312862887285886064640
"382",3160,0.132,0.019,1.48,6.15,10.9,NA,NA,1.47,"Transit",2,10.2449664160337,36065610000000001774888884640,943694400,3520324863491626881280846644
"383",3174,0.89,0.81,9.976,257.431,1.4,0.0464,NA,NA,"Transit",3,1.42493065828286,1537533900000000136320480800662,6362788000,1079023664107860890806806800402
"384",3227,1.363,1.39,15.278,441.77,0.68,0.02383,2212,NA,"Transit",3,0.680778708280742,2638484099999999782084804868608,9744359600,3875685399537984450022886062622
"385",3228,1.25,0.62,14.011,197.046,0.4,0.0434,NA,NA,"Transit",3,0.393677307934459,1176877799999999951444044426840,8936500000,2989447896234679394028428400026
"386",3230,1.093,1.26,12.251,400.449,1.2,0.02289,NA,NA,"Transit",3,1.1967096442599,2391719400000000055682868204282,7814075600,1998579531360884474822044286844
"387",3231,1.2,1.18,13.45,375.02,0.85,0.03035,2013,1.2,"Transit",3,0.846870492299692,2239864200000000007464802442066,8579040000,2644872173923085666404020262624
"388",3232,1.13,1.01,12.666,320.995,NA,0.051,NA,NA,"Transit",3,0.868090043379893,1917171899999999975466264804846,8078596000,2208494285380264261288402628082
"389",3233,1.36,1.03,15.244,327.351,NA,0.051,NA,NA,"Transit",3,0.507807640893376,1955135700000000128268884226248,9722912000,3850150219402701658042024046248
"390",3234,1.61,4.5,18.046,1430.175,NA,0.0308,NA,NA,"Transit",4,1.33725311257099,8541854999999999756068484606242,11510212000,6387612726193233655844202642060
"391",3236,0.551,0.531,6.18,169,NA,0.652,481,2,"Transit",2,3.93657433101502,1007938890000000017448046246426,3939209200,256044673679541591466282020208
"392",3238,0.941,2.31,10.548,734.16,NA,0.03734,NA,NA,"Transit",4,3.43812641756224,4384818900000000055240448866866,6727397200,1275351272018964012260882604622
"393",3248,1.143,1.294,12.812,411.27202,1.076,0.02332,1418,NA,"Transit",3,1.07466799914102,2456257860000000062082466820646,8171535600,2285596911756272847686282002422
"394",3249,1.254,2.494,14.056,792.635,1.573,0.02153,1344,5,"Transit",4,1.56849295150209,4734085860000000785288282682886,8965096800,3018238529836133125020224806604
"395",3253,1.22,6.28536,13.675,1997.59,NA,1168,NA,NA,"Imaging",5,4.2926887189462,11930807498399999548066600600644,8722024000,2779332087542758091464444008688
"396",3255,1.13,9.7,12.666,3082.82,NA,0.03,NA,NA,"Transit",5,8.3371023968168,18412442999999998949826662482288,8078596000,2208494285380264261288402628082
"397",3256,0.81,3.8,9.079,1207.7,NA,0.055,NA,NA,"Transit",4,8.86762403275325,7213122000000000319668080246848,5790852000,813422171864501374400864048646
"398",3263,1.067,0.752,11.96,238.998,0.769,0.03925,1140,3.7,"Transit",3,0.767720812158839,1427438880000000059126822462022,7628196400,1859320285959197521222826086000
"399",3264,1.247,1.197,13.978,380.44251,0.8,0.0367,1470,NA,"Transit",3,0.765549931057229,2272133430000000151466264242226,8915052400,2967975487715308890022084404666
"400",3265,1.336,1.91,14.975,607.03,0.994,0.02282,NA,NA,"Transit",4,0.993328107516046,3625542899999999814088662802886,9551331200,3649894604378173021224068488248
"401",3266,1.838,0.494,20.602,157.00802,0.099,0.0516,1795,2.2,"Transit",3,0.0986663720446696,937705860000000002162428480200,13140229600,9503803986787601766400444686868
"402",3267,1.194,1.79,13.384,568.9157,1.31,0.02459,1480,NA,"Transit",4,1.30412368461551,3397760100000000023240484622628,8536144800,2605397126118261641442846680842
"403",3274,1.483,0.854,16.623,271.415,0.348,0.03889,NA,3.4,"Transit",3,0.324723073820837,1621054260000000078306026848884,10602263600,4992112943887694557224066286600
"404",3275,1.08,3.15,12.106,1001.12,4.14,0.03781,1370,NA,"Transit",4,3.10111605257263,5979298499999999717884488606466,7721136000,1928111814789929913642800226022
"405",3276,1.69,2.03,18.94,645.17,0.53,0.0457,2190,NA,"Transit",4,0.521572464862318,3853325699999999604806020806024,12082148000,7387900933415227625860466660688
"406",3277,1.41,0.5,15.8,158.91,0.24,0.0506,1560,0.9,"Transit",3,0.221203196326392,949095000000000019840648446064,10080372000,4290602558019007538046242040268
"407",3278,1.528,1.49,17.127,473.547,0.55,0.01985,2508,4,"Transit",3,0.517958467739939,2828303100000000264648608626842,10923977600,5460482405743888590406420080680
"408",3279,1.137,1.272,12.745,404.263,1.074,0.02918,1516,3,"Transit",3,1.0732093532725,2414497680000000091040208286200,8128640400,2249791872049533769286406622640
"409",3280,1.085,1.925,12.162,611.797,1.86,0.0917,1140,7,"Transit",4,1.86904712279271,3654015750000000139646688680062,7756882000,1955015315258718528000424044828
"410",3281,1.005,0.487,11.265,154.777,0.594,0.0435,NA,NA,"Transit",3,0.59498978229205,924418529999999934662442240046,7184946000,1553671268839118283048848020086
"411",3282,1.409,0.475,15.793,150.96925,0.228,0.05885,1496,6.2,"Transit",3,0.210590784306773,901640250000000039926060482686,10073222800,4281480089302279881860684866200
"412",3283,1.339,1.769,15.009,562.24127,0.97,0.02851,2043,4.3,"Transit",4,0.913828784361814,3357898109999999679884848824868,9572778800,3674537470763778600202804600062
"413",3284,1.021,0.2755,11.444,87.5585,0.3445,0.09459,1001,4.6,"Transit",3,0.321013360986815,522951345000000085188486846204,7299333200,1629064109333068147840464080446
"414",3285,1.44,0.514,16.141,163.36462,0.233,0.05453,1729,1.17,"Transit",3,0.213478613976205,975669660000000014268662488224,10294848000,4570339116539091189228442268826
"415",3286,1.4,1.23,15.693,390.9309,0.7,0.0363,1600,8,"Transit",3,0.555903919538919,2334773699999999967204008420462,10008880000,4199959053961195933640468068842
"416",3287,1.9,1.47,21.297,467.2101,0.266,0.0234,2580,NA,"Transit",3,0.265787935400968,2790339299999999830442860820624,13583480000,10498367037580117491468882042406
"417",3288,1.473,4.85,16.511,1541.4755,2,0.0514,1880,2.6,"Transit",4,1.88196797912461,9206221499999999474468886246644,10530771600,4891805600370651392000068028660
"418",3289,1.865,1.183,20.905,375.99289,0.243,0.02544,2358,1.5,"Transit",3,0.226165818162063,2245558770000000016266262862408,13333258000,9928815893792163245806826602640
"419",3290,1.318,0.899,14.773,285.72917,0.521,0.04263,1520,6.9,"Transit",3,0.486958771048574,1706472810000000211042424822464,9422645600,3504347619256208035424486266000
"420",3291,1.24,0.6,13.899,190.698,0.43,0.0449,1400,2.1,"Transit",3,0.390269782742229,1138913999999999939468200248826,8865008000,2918273590123801493444068662026
"421",3292,0.96,0.28,10.761,88.9924,0.41,0.0449,1480,6.4,"Transit",3,0.392485000403724,531493200000000028000482200428,6863232000,1354174553048619757608008242406
"422",3293,1.37,0.18,15.356,57.2094,0.09,0.052,1400,11.41,"Transit",3,0.0868139536949364,341674199999999967744020682608,9794404000,3935706017959286747622622460228
"423",3294,0.93,1,10.424,317.83,1.6,0.0628,1100,1,"Transit",3,1.5418065491051,1898190000000000039680286882028,6648756000,1231146670833478843068468084628
"424",3295,1.389,0.477,15.569,151.599,0.222,0.05362,NA,NA,"Transit",3,0.220744744958239,905436629999999998962844422208,9930238800,4101735831452271244884860264280
"425",3296,0.89,1.23,9.976,390.9309,2.34,0.1012,833,2,"Transit",3,2.16378359220731,2334773699999999967204008420462,6362788000,1079023664107860890806806800402
"426",3297,1.22,0.27,13.675,85.8141,0.2,0.0607,1460,4.5,"Transit",3,0.184400886204684,512511300000000021962860866466,8722024000,2779332087542758091464444008688
"427",3298,0.87,0.41,9.752,130.3103,0.84,0.067,763,0.5,"Transit",3,0.772155609118862,778257900000000035908484466240,6219804000,1007902928903283342164206820266
"428",3299,1.21,1.16,13.563,368.6828,0.88,0.0345,1790,6.8,"Transit",3,0.812045959967225,2201900399999999854662022880604,8650532000,2711546523904719373608622280646
"429",3300,1.3,1.9,14.572,603.877,1.16,0.0243,NA,0.6,"Transit",4,1.07251228575112,3606561000000000159884040628424,9293960000,3362722318350126176206240428426
"430",3301,1.38,1.51,15.468,479.9233,0.773,0.0661,1742,3.62,"Transit",3,0.712555045878493,2866266900000000136846264864488,9865896000,4022519967515272709220846280606
"431",3302,1.09,1.22,12.218,387.7526,1.2,0.0494,1590,3.44,"Transit",3,1.16831262181048,2315791800000000031428280808244,7792628000,1982167920441805650460448200046
"432",3303,0.8,0.117,8.967,37.18611,0.31,0.062,910,0.5,"Transit",3,0.283396598005797,222088230000000028288084626420,5719360000,783665829310543942808806240248
"433",3304,1.281,7.341,14.36,2333,4.656,0.036,NA,NA,"Transit",5,4.33098387304335,13934612790000001095280486484046,9158125200,3217424307841685533008842004840
"434",3305,1.44,2.44,16.141,775.5052,1.1,0.0323,1320,0.5,"Transit",4,1.01340042432284,4631583600000000063846460606488,10294848000,4570339116539091189228442268826
"435",3306,1.21,2.69,13.563,854.9627,1.98,0.0469,1540,5,"Transit",4,1.88310657957917,5106131099999999862060840626868,8650532000,2711546523904719373608622280646
"436",3307,1.53,0.84,17.15,266.9772,0.31,0.0347,2000,2,"Transit",3,0.290859816207097,1594479599999999943206464468026,10938276000,5481952167860488135680242446666
"437",3308,1.428,0.542,16.01,172,0.247,0.0499,NA,NA,"Transit",3,0.230830608252131,1028818980000000143780282606622,10209057600,4457030147736052718064608622882
"438",3309,1.065,0.574,11.938,182.43442,0.64,0.0529,1339,1.6,"Transit",3,0.589307272726905,1089561059999999909602846400828,7613898000,1848884462189424506082826044626
"439",3310,1.008,0.855,11.3,272,1.104,0.0421,NA,NA,"Transit",3,1.03529293456487,1622952449999999987526264400886,7206393600,1567626316972908244746824606246
"440",3311,1.991,0.486,22.317,154.46538,0.0817,0.0515,1771,NA,"Transit",3,0.0763662071005728,922520340000000025542424404804,14234057200,12080216826600520438444220040468
"441",3312,1.165,10.43,13.059,3314.83,8.78,0.02026,NA,NA,"Transit",5,8.18060200123709,19798121699999999038840862446804,8328818000,2420130168538463501648808480086
"442",3313,1.392,1.069,15.603,339.76027,0.492,0.01634,2520,NA,"Transit",3,0.491517212597694,2029165109999999961600440484828,9951686400,4128370396787848227202660806640
"443",3314,1.071,0.915,12.005,290.802,0.92,0.03138,1304,5.6,"Transit",3,0.923700998991719,1736843850000000164422022886826,7656793200,1880309593576147293224048666424
"444",3315,1.462,0.311,16.388,98.841,0.132,0.06,1379,7,"Transit",3,0.123423257039244,590337090000000025566840200820,10452130400,4783029585844540543680206826204
"445",3316,1.07,0.3,11.99,95.345,0.32,0.052,NA,12,"Transit",3,0.303702700334241,569456999999999969784600624468,7649644000,1875047536203274274886022642800
"446",3317,1.199,0.617,13.44,196.10111,0.444,0.0489,1502,1.3,"Transit",3,0.443921670909995,1171183229999999942662684406608,8571890800,2638265502108042947624060426866
"447",3318,0.962,0.884,10.783,280.95,NA,0.0376,NA,NA,"Transit",3,1.23141880280899,1677999960000000166824626882604,6877530400,1362655788731111692742600608826
"448",3319,1.3,1.071,14.571,340.382,0.648,0.03651,NA,NA,"Transit",3,0.604558241073395,2032961490000000061482260844628,9293960000,3362722318350126176206240428426
"449",3320,1.22,0.58,13.675,184.334,0.422,0.0473,NA,NA,"Transit",3,0.39612042221747,1100950199999999927386066440802,8722024000,2779332087542758091464444008688
"450",3321,1.281,1.028,14.359,326.715,0.649,0.03985,NA,NA,"Transit",3,0.606491134925564,1951339320000000028426224866448,9158125200,3217424307841685533008842004840
"451",3322,1.213,0.907,13.597,288.26,0.676,0.04469,1468,5,"Transit",3,0.630236593711437,1721658330000000047086682886482,8671979600,2731765097709139256004268820446
"452",3323,0.792,0.244,8.878,77.547,0.65,0.0457,NA,NA,"Transit",3,0.609106190426953,463158359999999992244604222228,5662166400,760390170514191366704468064628
"453",3324,1.4,1.98,15.693,629.3034,0.95,0.0315,NA,NA,"Transit",4,0.894869724135821,3758416200000000208008802620400,10008880000,4199959053961195933640468068842
"454",3325,1.549,0.478,17.363,151.916,0.172,0.04659,NA,NA,"Transit",3,0.159496947229945,907334820000000048808620422608,11074110800,5688728441252901776682666224486
"455",3326,1.18,3.6,13.227,1144.14,2.926,0.0394,NA,NA,"Transit",4,2.71728512013565,6833484000000000480448886226644,8436056000,2514820380593284035624044400022
"456",3327,1.497,4.1,16.78,1303,NA,0.02555,NA,NA,"Transit",4,1.51564394010248,7782578999999998952028262280220,10702352400,5134833316770813850464200424866
"457",3328,1.22,0.59,13.675,187.51,0.45,0.0524,1250,NA,"Transit",3,0.402950084669496,1119932100000000003782406226088,8722024000,2779332087542758091464444008688
"458",3329,1.32,0.72,14.796,228.828,0.426,0.04317,NA,NA,"Transit",3,0.388230306291802,1366696799999999870966080428402,9436944000,3520324863491626604268448222028
"459",3330,1.327,2.361,14.874,750.39663,1.26,0.02677,1733,1.4,"Transit",4,1.25303138850617,4481626590000000486822484468246,9486988400,3576627553873859440008688426286
"460",3331,1.16,1.8,13.002,572.07,1.53,0.0446,NA,NA,"Transit",4,1.43013576993814,3416742000000000240224448668822,8293072000,2389103238881855831040064206400
"461",3332,1.094,2.691,12.263,855.245,2.74,0.07522,NA,NA,"Transit",4,2.54882761334426,5108029290000000334064020604002,7821224800,2004070131403620249060648844244
"462",3333,1.27,0.28,14.235,88.989,0.186,0.0486,NA,NA,"Transit",3,0.169521817607932,531493200000000028000482200428,9079484000,3135249536016835138822626664644
"463",3334,1.33,1.216,14.908,386.48128,NA,NA,1664,7,"Transit",3,0.640999046920088,2308199040000000113606222226460,9508436000,3600939893889979914240022864806
"464",3335,1.18,0.94,13.227,298.7602,0.74,0.04,1244,NA,"Transit",3,0.709513336924308,1784298599999999862824086464088,8436056000,2514820380593284035624044400022
"465",3337,1.122,0.527,12.576,167.49641,0.464,0.0561,1021,4.4,"Transit",3,0.462712014419295,1000346130000000099446482664262,8021402400,2161919506791795965866266682246
"466",3338,0.93,1.78,10.424,565.714,2.939,0.0142,NA,NA,"Transit",4,2.74441565740708,3378778200000000369066688624286,6648756000,1231146670833478843068468084628
"467",3339,1.14,0.889,12.778,282.539,0.811,0.03473,NA,NA,"Transit",3,0.744159342943629,1687490909999999993926022424880,8150088000,2267647280117304529024844004284
"468",3340,0.992,1.002,11.119,318.46566,1.275,0.0405,1170,7.2,"Transit",3,1.27295026792875,1901986380000000139462846840828,7092006400,1494156078143386389446626606284
"469",3341,1.174,1.91,13.159,607.0553,1.467,0.02335,1636,9.6,"Transit",4,1.46388785681819,3625542899999999814088662802886,8393160800,2476653442484478935888462668088
"470",3342,1.15,1.21,12.9,383,0.98,0.052,NA,6.5,"Transit",3,0.986666949885049,2296809900000000095842402286886,8221580000,2327847203423189328640206008862
"471",3344,0.331,0.05286,3.71,16.8,1.8,0.088,NA,6.5,"Transit",2,1.80768148245145,100338323399999996818862840424,2366385200,55506638959385971578240226424
"472",3345,0.162,0.02863,1.82,9.1,8.5,0.0173,NA,6.5,"Transit",2,8.35131829137255,54345179700000002544242680026,1158170400,6507377374916012042008400024
"473",3346,1.396,0.907,15.65,288,0.415,0.0332,1956,6.6,"Transit",3,0.413456442906347,1721658330000000047086682886482,9980283200,4164062163109111200442280266882
"474",3347,1.115,0.378,12.498,120.135,0.363,0.0379,NA,NA,"Transit",3,0.338178450125748,717515819999999988524200222648,7971358000,2121707695251425498624406682684
"475",3348,1.087,1.58,12.184,502.15,1.64,0.0267,1706,5.4,"Transit",3,1.52562285602067,2999140199999999967046226826420,7771180400,1965846400481149927880684480844
"476",3349,1.153,1.468,12.924,466.555,1.274,0.02945,NA,NA,"Transit",3,1.18772764613412,2786542920000000012002264800640,8243027600,2346112704431678831044646266042
"477",3350,1.27,0.46,14.24,146.2,0.29,0.0272,1315,0.4,"Transit",3,0.278500128927317,873167399999999995762460460026,9079484000,3135249536016835138822626664644
"478",3351,1.653,0.636,18.528,202.131,0.188,0.04987,1759,6.3,"Transit",3,0.174629369779281,1207248840000000045520604648600,11817627600,6913206189347620155880882688206
"479",3352,1.335,0.627,14.964,199.27941,0.329,0.0558,1300,1.1,"Transit",3,0.326815371831131,1190165130000000019064024662804,9544182000,3641704866364030664844002286882
"480",3353,1.092,0.571,12.24,181.473,0.583,0.05458,1216,6.2,"Transit",3,0.543809668697581,1083866489999999900800486464006,7806926400,1993098968975394144640686842688
"481",3354,1.05,0.644,11.769,204.68252,0.693,0.03769,1338,NA,"Transit",3,0.689916770482267,1222434360000000022264428424006,7506660000,1771857725889879675206286288884
"482",3355,1.37,0.89,15.36,282.86,0.45,0.0561,1270,3.2,"Transit",3,0.429246771047186,1689389100000000184588844862648,9794404000,3935706017959286747622622460228
"483",3356,0.775,0.863,8.687,274.276,2.4,0.0697,670,0.5,"Transit",3,2.29924060164467,1638137970000000104902606808260,5540630000,712469138213818730560422848646
"484",3357,1.23,0.485,13.787,154.14755,0.325,0.0414,1184,9,"Transit",3,0.323225142824817,920622149999999975606848404404,8793516000,2848238048421140116264200466808
"485",3358,0.86,0.514,9.64,163.358,1.1,0.0531,1320,3.6,"Transit",3,1.00218176650346,975669660000000014268662488224,6148312000,973545610796772132648242066426
"486",3359,1.24,2.06,13.899,654.702,1.423,0.0514,NA,NA,"Transit",4,1.33992625408165,3910271400000000256426668442486,8865008000,2918273590123801493444068662026
"487",3360,1.39,0.57,15.581,181.155,0.279,0.0567,NA,NA,"Transit",3,0.263214122159012,1081968299999999991686268428064,9937388000,4110601251654596714040428060446
"488",3361,1.43,0.38,16.029,120.77,0.173,0.0574,NA,NA,"Transit",3,0.16115887088672,721312200000000088246802400448,10223356000,4475783405724018276488022262402
"489",3362,1.271,1.271,14.247,403.945,0.823,0.02648,1689,1.2,"Transit",3,0.767693088400339,2412599489999999900426284848842,9086633200,3142661470389413850248806600666
"490",3363,1.112,1.55,12.464,492.62,1.5,0.0334,1480,8,"Transit",3,1.39796425899969,2942194499999999878660666842600,7949910400,2104627840847154094080006606028
"491",3364,1.39,2.32,15.581,737.335,1.144,0.0546,NA,NA,"Transit",4,1.07132765510335,4403800799999999709224044660208,9937388000,4110601251654596714040428060446
"492",3365,1.4,0.42,15.693,133.483,0.213,0.0517,NA,NA,"Transit",3,0.189820850574265,797239799999999971608282284068,10008880000,4199959053961195933640468068842
"493",3366,1.24,0.95,13.9,301.93,0.665,0.06206,1490,NA,"Transit",3,0.617927156008529,1803280500000000079942020864262,8865008000,2918273590123801493444068662026
"494",3367,1.057,0.26,9.113,82.632,0.291,0.04525,963,2,"Transit",3,0.273040529693493,493529400000000015966248262044,7556704400,1807531653099344299946844022202
"495",3368,1.33,0.96,14.908,305.104,0.545,0.0618,NA,NA,"Transit",3,0.506051879147438,1822262400000000015626808886080,9508436000,3600939893889979914240022864806
"496",3369,1.164,0.59,13.047,187.512,0.499,0.04853,1387,9.5,"Transit",3,0.463950665955765,1119932100000000003782406226088,8321668800,2413903421590903129284888666044
"497",3370,1.46,2.242,16.37,712.545,0.94,0.04619,2049,2,"Transit",4,0.893420210530115,4255741980000000042040822624048,10437832000,4763427030014060208840662880446
"498",3371,1.27,1.5461,14.24,491.3763,0.96,0.03708,2210,3.7,"Transit",3,0.936063150727229,2934791559000000176640422462028,9079484000,3135249536016835138822626664644
"499",3372,1.16,1.88,13.002,597.5,1.596,0.05512,1790,NA,"Transit",4,1.49369735971317,3568597199999999725648062828066,8293072000,2389103238881855831040064206400
"500",3373,1.56,0.95,17.486,301.9385,0.33,0.037,1910,2,"Transit",3,0.310333416015949,1803280500000000079942020864262,11152752000,5810784166109018446828286000462
"501",3374,1.27,1.07,14.235,340.06,0.69,0.0375,1710,3.5,"Transit",3,0.647815517287455,2031063300000000152262462822286,9079484000,3135249536016835138822626664644
"502",3375,1.83,0.92,20.512,292.4036,0.201,0.033,2160,5.3,"Transit",3,0.186171539432987,1746334799999999991524820820042,13083036000,9380245795456810388048646828626
"503",3376,1.21,1.76,13.56,559.36,1.33,0.024,NA,1,"Transit",4,1.23206973236407,3340814399999999934620884848008,8650532000,2711546523904719373608622280646
"504",3377,1.7,0.89,19.055,282.857,0.2394,0.0362,NA,NA,"Transit",3,0.224658044468246,1689389100000000184588844862648,12153640000,7519824647270901570460860200464
"505",3378,2.09,0.9,23.43,286.03,0.13,0.0535,1900,NA,"Transit",3,0.122259434551727,1708371000000000120162224884466,14941828000,13973326527019132086662402844628
"506",3379,1.038,2.244,11.635,713.18,NA,0.0801,NA,NA,"Transit",4,2.48833887071878,4259538360000000423264460406864,7420869600,1711799952218564500806204488468
"507",3381,0.999,0.538,11.198,170.99254,0.717,0.0344,825,NA,"Transit",3,0.669213267878215,1021226220000000084068046486480,7142050800,1526010121164910683786400280868
"508",3382,1.67,1.24,18.719,394.1092,0.354,0.0447,2190,NA,"Transit",3,0.330180182670046,2353755599999999902888088842680,11939164000,7128700399176119789206408484882
"509",3383,1.04,0.3,11.657,95.349,0.35,0.059,1120,5,"Transit",3,0.330750088122261,569456999999999969784600624468,7435168000,1721713826995264964706424246242
"510",3384,0.942,0.694,10.559,220.565,1.104,0.0771,797,1,"Transit",3,1.02964020838712,1317343859999999981922284422882,6734546400,1279421538969966458722266280868
"511",3385,1.24,1.265,13.899,402.05495,0.88,0.039,1452,NA,"Transit",3,0.822818791948199,2401210349999999882622666808468,8865008000,2918273590123801493444068662026
"512",3386,1.7,0.56,19.055,177.98,0.146,0.06431,1772,NA,"Transit",3,0.141357870676649,1062986400000000056000864400846,12153640000,7519824647270901570460860200464
"513",3387,1.04,5.9,11.657,1875.197,7,0.0427,1120,1.3,"Transit",5,6.50475173307114,11199321000000002007240086400602,7435168000,1721713826995264964706424246242
"514",3388,1.63,0.63,18.271,200.2329,0.193,0.0562,1840,4.4,"Transit",3,0.180408280826304,1195859700000000027846484602646,11653196000,6628629764236620172066244486480
"515",3389,1.461,0.805,16.376,255.85315,0.346,0.0348,1871,2.29,"Transit",3,0.320128223298347,1528042950000000027788468480020,10444981200,4773221599321234598400646840464
"516",3390,1.597,1.47,17.901,467.2101,0.479,0.04211,1942,0.7,"Transit",3,0.447590971939378,2790339299999999830442860820624,11417272400,6234127752643596780462268804422
"517",3391,1.72,0.452,19.28,143.653,0.118,0.055,1604,4,"Transit",3,0.110162003516431,857981880000000019042466468820,12296624000,7788364886374177061824626088268
"518",3393,1.21,1.13,13.56,359.13,1.13,0.03416,1570,2.4,"Transit",3,0.791044771347383,2144954699999999766284422848084,8650532000,2711546523904719373608622280646
"519",3394,1.2,0.48,13.45,152.55,0.37,0.0453,1285,8,"Transit",3,0.344489691782926,911131200000000007868404448040,8579040000,2644872173923085666404020262624
"520",3395,1.13,1.32,12.67,419.52,1.21,0.03303,1555,11.9,"Transit",3,1.13453352204105,2505610800000000232488068280622,8078596000,2208494285380264261288402628082
"521",3396,1.144,0.922,12.823,293.03926,0.764,0.03762,1171,2.7,"Transit",3,0.763715455168358,1750131180000000091206042888842,8178684800,2291601103730696754088046626402
"522",3397,1.1,2.78,12.33,883.53,2.79,0.0717,1480,1.4,"Transit",4,2.5902726035789,5276968199999999564068608626206,7864120000,2037225036742840345868882864622
"523",3399,0.934,22,10.468,6992,NA,8,450,6,"Imaging",1,33.4858080860606,41760180000000000318466220802004,6677352800,1247100858150826080728026048288
"524",3400,1.49,4.01,16.7,1274.44,1.61,0.047,1500,2.55,"Transit",4,1.50336452907173,7611741899999999250620804680802,10652308000,5063137883597625347282220280442
"525",3401,1.363,1.12,15.278,355.9696,0.54,0.01855,2000,0.6,"Transit",3,0.548541117463619,2125972800000000112000628800682,9744359600,3875685399537984450022886062622
"526",3405,1.21,0.92,13.563,292.391,0.64,0.049,NA,NA,"Transit",3,0.644036451008489,1746334799999999991524820820042,8650532000,2711546523904719373608622280646
"527",3406,1.019,0.597,11.422,189.737,0.7,0.03673,NA,7.9,"Transit",3,0.69973002697483,1133219429999999930586440208684,7285034800,1619509505543576240808860826284
"528",3409,1.217,11.79,13.641,3747.06,8.1,0.0454,NA,NA,"Transit",5,8.11186663912334,22379660099999997042628024426006,8700576400,2758879194594179914440444264482
"529",3410,1.33,1.78,14.91,565.71,NA,NA,NA,2.1,"Transit",4,0.938304525919208,3378778200000000369066688624286,9508436000,3600939893889979914240022864806
"530",3411,1.14,1.19,12.78,378.2,1.06,0.0515,1230,NA,"Transit",3,0.996118805515093,2258846099999999943040682864424,8150088000,2267647280117304529024844004284
"531",3412,2.07,4.4,23.203,1398.452,0.62,0.0815,1577,1.88,"Transit",4,0.615205730069242,8352036000000000962460048246004,14798844000,13576004890364038929288404428446
