rowid,epic_candname,pl_name,k2c_disp,ra_str,ra,dec_str,dec,pl_orbper,pl_orbincl,pl_ratdor,pl_ratror,pl_rade,pl_radj,st_teff,st_logg,st_metfe,st_rad
1,EPIC 201126503.01,,CANDIDATE,11h43m45.22s,175.938421,-05d52m22.8s,-5.873002,1.1947488,,,0.06005,4.19,0.374,3919,,,0.57
2,EPIC 201155177.01,K2-42 b,CONFIRMED,11h46m39.77s,176.665722,-05d10m18.9s,-5.171913,6.68796,,,3.04,2.15,0.192,4613,4.66,,0.64
4,EPIC 201176672.01,,CANDIDATE,11h16m36.05s,169.150206,-04d39m23.6s,-4.656546,79.9999,,,18,10.2,0.91,4542,4.75,,0.51
5,EPIC 201182911.01,,CANDIDATE,11h30m50.50s,172.710419,-04d30m27.4s,-4.507613,0.99656225,,,0.6256,32.8,2.926,3727,,,0.5
6,EPIC 201197348.01,,CANDIDATE,11h48m22.79s,177.094973,-04d09m51.8s,-4.164393,14.912381,,,0.04445,3.55,0.317,4224,,,0.65
7,EPIC 201205469.01,K2-43 b,CONFIRMED,11h16m28.11s,169.117142,-03d58m31.6s,-3.97544,3.47114,,,6.6,4.13,0.368,3939,4.7,,0.57
10,EPIC 201208431.01,K2-4 b,CONFIRMED,11h38m58.95s,174.74564,-03d54m20.1s,-3.905585,10.00617969,,,,,,,,,
13,EPIC 201231940.01,,CANDIDATE,11h36m28.95s,174.120612,-03d28m56.8s,-3.482449,0.57303573,,,0.09028,3.35,0.299,3570,,,0.43
14,EPIC 201238110.01,,CANDIDATE,11h58m49.42s,179.70593,-03d23m21.8s,-3.389389,7.9069606,,,0.04848,3.02,0.269,3772,,,0.52
15,EPIC 201238163.01,,CANDIDATE,11h33m03.07s,173.262802,-03d23m19.6s,-3.388773,1.0829614,,,0.02378,1.56,0.139,3875,,,0.56
16,EPIC 201239401.01,,CANDIDATE,11h32m12.71s,173.052956,-03d22m12.9s,-3.370242,0.90552205,,,0.02628,1.52,0.136,3710,,,0.5
17,EPIC 201247497.01,,CANDIDATE,11h51m47.17s,177.946552,-03d14m46.0s,-3.246116,2.75391,,,7.9,3.78,0.337,3918,4.85,,0.44
20,EPIC 201257461.01,,CANDIDATE,11h52m38.67s,178.161109,-03d05m41.8s,-3.094936,50.285869,,,0.05345,3.47,0.31,4859,,,0.74
21,EPIC 201264302.01,,CANDIDATE,11h18m23.52s,169.598013,-02d59m29.7s,-2.991577,0.212194,83.3,3.6,0.0271,0.77,0.069,3299,5.11,0.155,0.26
23,EPIC 201270176.01,,CANDIDATE,11h20m31.82s,170.132598,-02d54m09.3s,-2.902582,1.57771549,,,,,,,,,
25,EPIC 201270464.01,,CANDIDATE,,,,,1.57771549,,,,,,,,,
26,EPIC 201291843.01,,CANDIDATE,11h53m41.00s,178.420842,-02d34m18.4s,-2.571776,40.70206194,,,,,,,,,
27,EPIC 201295312.01,K2-44 b,CONFIRMED,11h36m02.79s,174.01163,-02d31m15.2s,-2.520881,5.65688,,,1.56,2.72,0.243,5912,4.1,,1.58
31,EPIC 201324549.01,,CANDIDATE,11h24m56.62s,171.235916,-02d05m06.6s,-2.085164,2.51881781,,,,,,,,,
36,EPIC 201338508.02,K2-5 b,CONFIRMED,11h17m12.84s,169.303502,-01d52m40.7s,-1.877976,5.73597,,,2.97,1.5,0.134,4021,4.82,,0.46
37,EPIC 201338508.01,K2-5 c,CONFIRMED,11h17m12.84s,169.303502,-01d52m40.7s,-1.877976,10.9324,,,3.24,1.64,0.146,4021,4.82,,0.46
38,EPIC 201345483.01,K2-45 b,CONFIRMED,11h18m31.89s,169.632879,-01d46m26.9s,-1.77413,1.7292684,,,13.76,6.71,0.599,4103,4.82,,0.45
40,EPIC 201367065.02,K2-3 c,CONFIRMED,11h29m20.39s,172.334949,-01d27m17.2s,-1.454787,24.6435,,,2.88,1.18,0.105,3841,4.91,,0.37
43,EPIC 201367065.03,K2-3 d,CONFIRMED,11h29m20.39s,172.334949,-01d27m17.2s,-1.454787,44.5609,,,2.35,0.96,0.086,3841,4.91,,0.37
44,EPIC 201367065.01,K2-3 b,CONFIRMED,11h29m20.39s,172.334949,-01d27m17.2s,-1.454787,10.05176778,,,,,,,,,
49,EPIC 201384232.01,K2-6 b,CONFIRMED,11h52m46.14s,178.19226,-01d11m54.5s,-1.198477,30.9349,,,2.2,2.5,0.22,5767,4.4,,1.01
52,EPIC 201393098.01,K2-7 b,CONFIRMED,11h08m22.51s,167.093771,-01d03m56.7s,-1.065755,28.6777,,,1.77,4.12,0.368,5715,3.82,,2.13
56,EPIC 201403446.01,K2-46 b,CONFIRMED,11h37m03.92s,174.266344,-00d54m26.1s,-0.907261,19.1541,,,1.45,2.05,0.183,6256,4.2,,1.29
57,EPIC 201407812.01,,CANDIDATE,11h36m10.59s,174.044145,-00d50m26.5s,-0.840699,2.8268121,,,0.456,40.1,3.577,5736,,,0.98
58,EPIC 201441872.01,,CANDIDATE,11h34m24.10s,173.600412,-00d20m04.5s,-0.334585,4.4416421,,,0.01089,1.17,0.104,5547,,,0.9
59,EPIC 201445392.01,K2-8 b,CONFIRMED,11h19m10.48s,169.793665,-00d17m03.8s,-0.284375,10.35848367,,,,,,,,,
61,EPIC 201445392.02,K2-8 c,CONFIRMED,11h19m10.48s,169.793665,-00d17m03.8s,-0.284375,5.06408,,,2.79,2.44,0.218,5147,4.56,,0.8
66,EPIC 201460826.01,,CANDIDATE,11h27m44.08s,171.933667,-00d03m46.2s,-0.06284,17.355681,,,0.01418,1.81,0.161,5894,,,1.06
67,EPIC 201465501.01,K2-9 b,CONFIRMED,11h45m03.47s,176.264468,+00d00m19.1s,0.005301,18.4474,,,11,5.6,0.5,4052,4.82,,0.47
70,EPIC 201488365.01,,CANDIDATE,,,,,3.3643115,,,0.6248,85.6,7.637,6240,,,1.32
71,EPIC 201497682.01,,CANDIDATE,11h15m44.79s,168.936641,+00d29m17.2s,0.488114,13.837814,,,0.02306,1.96,0.175,4535,,,0.7
72,EPIC 201497682.02,,CANDIDATE,11h15m44.79s,168.936641,+00d29m17.2s,0.488114,7.7991586,,,0.01829,1.57,0.14,4535,,,0.7
73,EPIC 201505350.01,K2-19 c,CONFIRMED,11h39m50.48s,174.960319,+00d36m12.9s,0.603575,11.90724,,,4.44,4.93,0.44,5748,4.43,,1.01
74,EPIC 201505350.03,K2-19 d,CONFIRMED,11h39m50.48s,174.960319,+00d36m12.9s,0.603575,2.50858,,,1.1,1.22,0.109,5748,4.43,,1.01
79,EPIC 201505350.02,K2-19 b,CONFIRMED,11h39m50.48s,174.960319,+00d36m12.9s,0.603575,7.91952314,,,,,,,,,
82,EPIC 201512465.01,,CANDIDATE,11h34m15.10s,173.562932,+00d42m50.3s,0.713972,2.33293,,,12,3.2,0.29,3508,5.06,,0.22
84,EPIC 201516974.01,,CANDIDATE,11h37m15.48s,174.314486,+00d46m59.3s,0.783149,36.7099,82.6,6.9,0.0489,,,,,,
86,EPIC 201528215.01,,CANDIDATE,11h31m13.01s,172.804218,+00d57m30.9s,0.958577,6.3991398,,,0.01901,1.85,0.165,5210,,,0.8
87,EPIC 201534540.01,,CANDIDATE,11h26m36.28s,171.65117,+01d03m18.8s,1.055233,2.72273204,,,,,,,,,
88,EPIC 201546136.01,,CANDIDATE,11h16m35.30s,169.147063,+01d13m42.6s,1.228497,1.9668579,,,0.01764,1.51,0.135,5063,,,0.77
90,EPIC 201546283.01,K2-27 b,CONFIRMED,11h26m03.64s,171.515165,+01d13m50.7s,1.230738,6.77093147,,,,,,,,,
97,EPIC 201549860.01,K2-35 c,CONFIRMED,11h20m24.74s,170.103081,+01d17m09.4s,1.285956,5.60967748,,,,,,,,,
98,EPIC 201549860.02,K2-35 b,CONFIRMED,11h20m24.74s,170.103081,+01d17m09.4s,1.285956,2.39991,,,1.64,1.08,0.096,4426,4.7,,0.6
100,EPIC 201556134.01,,CANDIDATE,11h51m42.03s,177.925108,+01d22m46.7s,1.379641,12.726743,,,0.02141,1.91,0.17,4767,,,0.73
101,EPIC 201563164.01,,CANDIDATE,11h48m33.61s,177.140024,+01d28m59.3s,1.483144,0.18746328,,,0.1236,217,19.359,46696,,,17.27
102,EPIC 201565013.01,,CANDIDATE,11h47m58.13s,176.992193,+01d30m36.9s,1.510249,8.63829,,,14.08,6.81,0.608,3960,4.84,,0.44
106,EPIC 201569483.01,,CANDIDATE,11h08m41.11s,167.171299,+01d34m39.0s,1.577513,5.7968861,,,0.3232,24.2,2.159,4721,,,0.72
109,EPIC 201577035.01,K2-10 b,CONFIRMED,11h28m29.27s,172.121957,+01d41m26.3s,1.690636,19.292062,,,,,,,,,
111,EPIC 201577112.01,,CANDIDATE,11h50m50.14s,177.708932,+01d41m30.7s,1.691867,22.197992,,,0.112,5.34,0.476,3508,,,0.4
112,EPIC 201588420.01,,CANDIDATE,11h23m44.27s,170.934451,+01d51m50.3s,1.863959,3.2908998,,,0.01804,1.57,0.14,4671,,,0.72
114,EPIC 201596316.01,K2-11 b,CONFIRMED,11h16m10.08s,169.042002,+01d59m12.6s,1.98684,39.8478,,,2.66,2.42,0.216,5264,4.56,,0.83
117,EPIC 201596733.01,,CANDIDATE,11h22m42.98s,170.679099,+01d59m35.8s,1.993276,2.89607106,,,,,,,,,
118,EPIC 201606542.01,,CANDIDATE,11h21m14.85s,170.311881,+02d08m39.9s,2.144426,0.444372,86.9,8.3,0.0136,1.22,0.109,5540,4.81,0.03,0.82
121,EPIC 201613023.01,K2-12 b,CONFIRMED,11h32m46.09s,173.192036,+02d14m41.6s,2.244884,8.28176,,,1.87,2.72,0.243,6177,4.28,,1.31
125,EPIC 201617985.01,,CANDIDATE,11h57m58.00s,179.491659,+02d19m17.3s,2.321476,7.28138,,,41,17,1.5,3784,4.88,,0.4
126,EPIC 201626686.01,,CANDIDATE,11h17m47.30s,169.447103,+02d27m21.6s,2.456006,5.28130579,,,,,,,,,
129,EPIC 201629650.01,K2-13 b,CONFIRMED,11h20m37.33s,170.155528,+02d30m09.7s,2.502696,40.0603,,,2.26,2.7,0.241,5727,4.33,,1.09
131,EPIC 201635569.01,K2-14 b,CONFIRMED,11h52m13.69s,178.057026,+02d35m39.3s,2.594245,8.36926,,,10.66,4.48,0.4,3866,4.89,,0.39
135,EPIC 201637175.01,K2-22 b,CONFIRMED,11h17m55.88s,169.482818,+02d37m08.7s,2.61907,1.143201,,,7.1,3,0.268,3865,4.89,,0.38
136,EPIC 201637175.01,HATS-14 b,CONFIRMED,11h17m55.88s,169.482818,+02d37m08.7s,2.61907,0.38107852,,,0.07119,4.61,0.411,3892,,,0.57
137,EPIC 201647718.01,K2-47 b,CONFIRMED,11h14m19.82s,168.582603,+02d46m50.6s,2.780711,31.6372,,,2.29,1.89,0.169,5054,4.54,,0.76
140,EPIC 201649426.01,,CANDIDATE,11h48m56.22s,177.234262,+02d48m27.4s,2.807619,27.770388,,,0.3722,25.1,2.239,4598,,,0.71
142,EPIC 201650711.01,,CANDIDATE,11h28m10.57s,172.044052,+02d49m36.8s,2.826891,0.259669,82.1,3.1,0.0102,0.77,0.069,4340,4.25,-0.81,0.69
143,EPIC 201677835.01,K2-48 b,CONFIRMED,11h44m29.65s,176.123545,+03d16m20.7s,3.272425,20.5065,,,2.8,2.24,0.2,4899,4.6,,0.73
145,EPIC 201683540.01,,CANDIDATE,11h16m51.59s,169.214964,+03d21m49.9s,3.363874,1.9611469,,,0.08768,5.93,0.529,4166,,,0.64
146,EPIC 201690311.01,K2-49 b,CONFIRMED,11h49m16.85s,177.320206,+03d28m32.0s,3.475569,2.77065,,,3.83,1.93,0.172,4175,4.81,,0.45
149,EPIC 201702477.01,,CANDIDATE,11h40m57.79s,175.240794,+03d40m53.7s,3.681584,40.7302,,,7.19,7.8,0.7,5840,4.44,,0.98
150,EPIC 201705526.01,,CANDIDATE,11h29m32.59s,172.385808,+03d43m55.6s,3.732106,18.10220826,,,,,,,,,
154,EPIC 201713348.02,K2-36 b,CONFIRMED,11h17m47.78s,169.449073,+03d51m59.0s,3.866393,1.422647,,,1.76,1.45,0.129,4953,4.6,,0.75
155,EPIC 201713348.01,K2-36 c,CONFIRMED,11h17m47.78s,169.449073,+03d51m59.0s,3.866393,5.34107237,,,,,,,,,
156,EPIC 201717159.01,,CANDIDATE,11h53m44.76s,178.436482,+03d55m55.9s,3.932202,0.60408352,,,0.02829,2.26,0.202,4331,,,0.67
158,EPIC 201717274.01,,CANDIDATE,11h35m18.66s,173.827767,+03d56m03.0s,3.934155,3.52743,,,3.89,1.11,0.099,3624,5.01,,0.26
160,EPIC 201736247.01,K2-15 b,CONFIRMED,11h52m26.59s,178.110797,+04d15m17.1s,4.254747,11.8097,,,3.3,2.84,0.253,5314,4.57,,0.78
163,EPIC 201754305.01,K2-16 c,CONFIRMED,11h40m23.34s,175.097258,+04d33m26.4s,4.55734,19.077,,,2.99,2.19,0.195,4800,4.63,,0.67
164,EPIC 201754305.02,K2-16 b,CONFIRMED,11h40m23.34s,175.097258,+04d33m26.4s,4.55734,7.61856,,,2.68,1.96,0.175,4800,4.63,,0.67
168,EPIC 201779067.01,,CANDIDATE,11h14m10.25s,168.542699,+04d59m17.3s,4.988131,27.27048734,,,,,,,,,
172,EPIC 201785059.01,,CANDIDATE,11h22m47.44s,170.697657,+05d05m43.3s,5.095361,1.39533316,,,,,,,,,
173,EPIC 201828749.01,,CANDIDATE,11h42m37.04s,175.654342,+05d53m39.6s,5.894323,33.5107,,,2.173,2.14,0.191,5683,4.5,,0.9
177,EPIC 201833600.01,K2-50 b,CONFIRMED,11h17m56.07s,169.483631,+05d59m18.2s,5.988378,8.7529,,,2.64,1.59,0.142,4326,4.74,,0.55
178,EPIC 201841433.01,,CANDIDATE,11h40m49.63s,175.206771,+06d08m05.5s,6.134857,12.339133,,,0.02881,2.59,0.231,4751,,,0.73
179,EPIC 201855371.01,K2-17 b,CONFIRMED,11h53m19.15s,178.329775,+06d24m44.1s,6.412261,17.9654,,,2.9,1.53,0.136,4102,4.8,,0.48
183,EPIC 201862715.01,WASP-85 A b,CONFIRMED,11h43m38.01s,175.90838,+06d33m49.4s,6.563726,2.65662719,,,,,,,,,
188,EPIC 201912552.01,K2-18 b,CONFIRMED,11h30m14.51s,172.56046,+07d35m18.2s,7.588391,32.92801934,,,,,,,,,
191,EPIC 201920032.01,,CANDIDATE,11h36m25.66s,174.106908,+07d45m11.2s,7.753113,28.2692,,,2.36,3.35,0.299,5631,4.2,,1.29
192,EPIC 201923289.01,,CANDIDATE,11h39m40.93s,174.920526,+07d49m33.2s,7.825885,0.78214992,,,0.01346,1.29,0.115,5144,,,0.79
193,EPIC 201927336.01,,CANDIDATE,11h23m44.16s,170.933987,+07d55m01.5s,7.917097,6.4498648,,,0.0257,2.63,0.235,5395,,,0.85
198,EPIC 202064253.01,,CANDIDATE,06h06m01.02s,91.50423,+22d53m30.3s,22.89176,21.140574,,,0.2499,31.5,2.81,6205,,,1.29
199,EPIC 202066192.01,,CANDIDATE,06h20m59.39s,95.24745,+26d07m31.4s,26.12538,3.2923818,,,0.1053,19.6,1.749,7824,,,1.87
200,EPIC 202066537.01,,CANDIDATE,06h57m03.85s,104.26603,+18d37m36.3s,18.62674,6.90487,,,34,53,4.7,6599,4.24,,1.45
202,EPIC 202071289.01,,CANDIDATE,06h20m43.94s,95.18309,+24d54m15.6s,24.90434,3.04622,,,30,29,2.6,5529,4.5,,0.89
205,EPIC 202071401.01,,CANDIDATE,06h41m30.71s,100.37797,+20d55m22.1s,20.92281,3.2367,,,1.96,1.58,0.141,4863,4.6,,0.74
206,EPIC 202071635.01,,CANDIDATE,06h14m17.23s,93.57181,+18d37m37.3s,18.62702,6.2719092,,,0.3733,60,5.353,7254,,,1.81
208,EPIC 202072596.01,,CANDIDATE,06h38m02.58s,99.51074,+20d56m21.5s,20.93931,3.979287,,,0.2167,37.5,3.346,7430,,,1.84
209,EPIC 202072965.01,,CANDIDATE,06h26m23.89s,96.59956,+27d56m44.2s,27.9456,2.1417519,,,0.5571,86.2,7.69,6492,,,1.59
211,EPIC 202083828.01,K2-26 b,CONFIRMED,06h16m49.58s,94.20658,+24d35m47.1s,24.59641,14.5662,,,4.59,2.58,0.23,3769,4.75,,0.51
212,EPIC 202086291.01,,CANDIDATE,06h17m47.92s,94.44968,+25d36m09.3s,25.60257,2.4343734,,,0.6393,61.4,5.478,5568,,,0.9
213,EPIC 202086968.01,,CANDIDATE,06h28m01.35s,97.00563,+16d23m19.9s,16.38885,1.8490876,,,0.2448,17.3,1.543,5693,,,0.96
214,EPIC 202088212.01,,CANDIDATE,06h22m33.91s,95.6413,+14d44m30.4s,14.74177,2.62077,,,40,58,5.2,6302,4.23,,1.4
216,EPIC 202089657.01,,CANDIDATE,06h05m48.85s,91.45355,+23d29m04.3s,23.48454,1.3144014,,,0.01995,2.78,0.248,6137,,,1.23
217,EPIC 202090152.01,,CANDIDATE,06h44m19.00s,101.07915,+28d06m48.9s,28.11358,4.8045244,,,0.02388,3.62,0.323,6187,,,1.28
218,EPIC 202091388.01,,CANDIDATE,06h05m27.31s,91.36378,+21d15m21.7s,21.25603,6.4804111,,,0.03274,3.39,0.302,5537,,,0.89
219,EPIC 202092480.01,,CANDIDATE,06h52m12.54s,103.05227,+25d20m20.7s,25.33909,2.8445331,,,0.5768,65.3,5.826,6045,,,1.16
220,EPIC 202093020.01,,CANDIDATE,06h33m05.84s,98.27432,+16d52m12.9s,16.87024,4.1376047,,,0.0959,7.33,0.654,4581,,,0.7
221,EPIC 202094740.01,,CANDIDATE,06h41m51.15s,100.46312,+27d05m49.9s,27.0972,0.689647,78,3.1,0.0558,6.58,0.587,6481,4,0,1.08
222,EPIC 202126847.01,,CANDIDATE,06h48m48.31s,102.2013,+17d09m42.9s,17.16191,4.1687922,,,0.1802,16.1,1.436,6005,,,1.14
225,EPIC 202126852.01,HAT-P-56 b,CONFIRMED,,,,,2.790963,,,8.41,17,1.52,6863,4.08,,1.88
232,EPIC 202565282.01,,CANDIDATE,16h29m42.25s,247.426053,-29d12m06.2s,-29.201726,11.97495,,,76,256,22.8,5200,3.32,,3.4
233,EPIC 202634963.01,,CANDIDATE,16h11m35.50s,242.897897,-28d56m04.7s,-28.934636,28.707623,,,0.2136,21.2,1.891,5838,,,1.03
234,EPIC 202675839.01,,CANDIDATE,16h15m22.10s,243.842095,-28d46m48.6s,-28.780161,15.4715,,,4.4,9.2,0.82,5791,4,,1.89
236,EPIC 202688980.01,,CANDIDATE,16h16m52.99s,244.220774,-28d43m49.2s,-28.730322,1.4556637,,,,,,,,,
237,EPIC 202710713.01,,CANDIDATE,16h16m16.06s,244.066902,-28d38m56.9s,-28.649133,3.32592848,,,,,,,,,
239,EPIC 202821899.01,,CANDIDATE,16h36m38.40s,249.160014,-28d14m20.6s,-28.239061,4.4743465,,,0.03229,3.06,0.273,5248,,,0.81
240,EPIC 202843107.01,,CANDIDATE,16h22m11.47s,245.547787,-28d09m42.6s,-28.161823,2.1989041,,,0.6032,46.6,4.157,4938,,,0.75
241,EPIC 202893157.01,,CANDIDATE,16h26m14.20s,246.559179,-27d58m59.1s,-27.983086,4.1657292,,,0.05024,1.86,0.166,3442,,,0.36
243,EPIC 202900527.01,K2-51 b,CONFIRMED,16h27m14.68s,246.81115,-27d57m25.4s,-27.957049,13.0106,,,8.53,12.9,1.15,5452,4.17,,1.37
244,EPIC 203070421.01,,CANDIDATE,16h41m48.75s,250.453119,-27d21m39.7s,-27.361034,1.7359447,,,0.02551,1.89,0.169,5354,,,0.84
245,EPIC 203099398.01,,CANDIDATE,16h15m15.13s,243.813044,-27d15m42.0s,-27.261664,1.8389349,,,0.01201,0.837,0.075,3930,,,0.58
246,EPIC 203294831.01,,CANDIDATE,15h59m31.01s,239.87921,-26d36m15.7s,-26.604367,1.85872487,,,,,,,,,
250,EPIC 203518244.01,,CANDIDATE,16h16m39.10s,244.162914,-25d52m12.2s,-25.870046,0.8411257,,,0.01098,0.884,0.079,4289,,,0.66
251,EPIC 203533312.01,,CANDIDATE,16h15m49.29s,243.955378,-25d49m06.5s,-25.818471,0.17566,76.6,1.7,0.0248,3.11,0.277,6620,4.19,0.09,1.15
252,EPIC 203560204.01,,CANDIDATE,16h02m44.48s,240.68535,-25d43m32.3s,-25.725641,29.33873041,,,,,,,,,
254,EPIC 203623230.01,,CANDIDATE,16h48m53.36s,252.222342,-25d30m28.6s,-25.507932,2.54427583,,,,,,,,,
257,EPIC 203753577.01,,CANDIDATE,16h51m26.84s,252.86184,-25d03m12.3s,-25.053403,3.4007758,,,0.06863,5.57,0.497,5520,,,0.89
258,EPIC 203771098.01,K2-24 c,CONFIRMED,16h10m17.69s,242.573719,-24d59m25.2s,-24.990331,42.36301,,,5.913,9.8,0.87,5717,4.16,,1.51
260,EPIC 203771098.02,K2-24 b,CONFIRMED,16h10m17.69s,242.573719,-24d59m25.2s,-24.990331,20.88526,,,4.264,7.07,0.631,5717,4.16,,1.51
263,EPIC 203776696.01,K2-52 b,CONFIRMED,16h26m26.74s,246.611416,-24d58m11.8s,-24.969948,3.53482,,,6.81,11.1,0.99,6113,4.14,,1.49
266,EPIC 203826436.02,K2-37 d,CONFIRMED,16h13m48.24s,243.451011,-24d47m13.4s,-24.787062,14.0919,,,2.71,2.59,0.231,5512,4.51,,0.87
268,EPIC 203826436.03,K2-37 b,CONFIRMED,16h13m48.24s,243.451011,-24d47m13.4s,-24.787062,4.44118,,,1.74,1.66,0.148,5512,4.51,,0.87
271,EPIC 203826436.01,K2-37 c,CONFIRMED,16h13m48.24s,243.451011,-24d47m13.4s,-24.787062,6.43032491,,,,,,,,,
273,EPIC 203867512.01,,CANDIDATE,16h52m59.36s,253.247321,-24d37m34.5s,-24.626258,28.465633,,,0.1642,18.4,1.642,5700,,,0.96
274,EPIC 203929178.01,,CANDIDATE,16h49m41.45s,252.422716,-24d22m25.7s,-24.373808,1.153886,,,53,99,8.8,6841,4.09,,1.8
275,EPIC 203942067.01,,CANDIDATE,16h15m17.87s,243.824471,-24d19m09.2s,-24.319228,1.6398934,,,0.4392,33,2.944,5175,,,0.79
277,EPIC 204057095.01,,CANDIDATE,16h11m00.76s,242.753167,-23d50m25.3s,-23.840353,23.210585,,,0.06981,5.7,0.509,5244,,,0.81
280,EPIC 204129699.01,K2-31 b,CONFIRMED,16h21m45.78s,245.440751,-23d32m52.3s,-23.547865,1.2578332,,,,,,,,,
281,EPIC 204221263.01,K2-38 c,CONFIRMED,16h00m08.06s,240.033579,-23d11m21.4s,-23.189288,10.56098,,,1.95,2.41,0.215,5758,4.36,,1.12
282,EPIC 204221263.02,K2-38 b,CONFIRMED,16h00m08.06s,240.033579,-23d11m21.4s,-23.189288,4.01628,,,1.329,1.64,0.146,5758,4.36,,1.12
283,EPIC 204312847.01,,CANDIDATE,16h41m39.29s,250.413702,-22d49m42.4s,-22.828453,24.193613,,,0.3778,30.7,2.739,5457,,,0.87
284,EPIC 204346718.01,,CANDIDATE,16h21m16.81s,245.320059,-22d41m36.7s,-22.693525,0.64292573,,,,,,,,,
285,EPIC 204489514.01,,CANDIDATE,16h03m01.62s,240.756735,-22d07m52.4s,-22.131222,10.2236,,,61,132,11.8,6960,4.05,,2.04
286,EPIC 204576757.01,,CANDIDATE,16h28m37.83s,247.157608,-21d46m03.0s,-21.767505,23.277669,,,0.4569,32.8,2.926,4379,,,0.68
287,EPIC 204649811.01,,CANDIDATE,16h19m16.97s,244.820688,-21d27m36.1s,-21.460025,2.64594828,,,,,,,,,
289,EPIC 204658292.01,,CANDIDATE,16h14m49.65s,243.706874,-21d25m25.1s,-21.42363,20.98296043,,,,,,,,,
290,EPIC 204676499.01,,CANDIDATE,16h23m15.34s,245.813907,-21d20m45.9s,-21.346094,1.5271792,,,,,,,,,
291,EPIC 204750116.01,,CANDIDATE,15h55m16.73s,238.819727,-21d01m36.6s,-21.026837,23.446501,,,0.02578,2.71,0.242,5484,,,0.87
292,EPIC 204763194.01,,CANDIDATE,15h59m46.05s,239.941862,-20d58m11.7s,-20.969925,2.32046168,,,,,,,,,
294,EPIC 204884005.01,,CANDIDATE,16h37m19.55s,249.331459,-20d25m42.2s,-20.428377,46.40651,,,0.03779,3.35,0.299,4812,,,0.73
295,EPIC 204888276.01,,CANDIDATE,15h59m59.44s,239.997679,-20d24m32.5s,-20.409026,16.563155,,,0.02876,1.66,0.148,3669,,,0.48
296,EPIC 204890128.01,K2-53 b,CONFIRMED,16h16m34.03s,244.141811,-20d24m01.9s,-20.400533,12.2091165,,,,,,,,,
299,EPIC 204914585.01,,CANDIDATE,16h08m13.91s,242.057956,-20d17m18.2s,-20.288393,18.357773,,,0.01924,1.74,0.155,4937,,,0.75
301,EPIC 205029914.01,,CANDIDATE,16h36m06.07s,249.025271,-19d44m40.7s,-19.744626,4.98049071,,,,,,,,,
303,EPIC 205040048.01,,CANDIDATE,16h08m40.44s,242.168495,-19d41m45.0s,-19.695844,3.3055191,,,0.03401,1.27,0.113,3430,,,0.35
304,EPIC 205047565.01,,CANDIDATE,16h40m10.49s,250.043704,-19d39m33.0s,-19.659177,14.5444413,,,,,,,,,
305,EPIC 205050711.01,,CANDIDATE,16h50m39.27s,252.663617,-19d38m38.2s,-19.643932,4.30221683,,,,,,,,,
308,EPIC 205064326.01,,CANDIDATE,16h47m33.22s,251.888433,-19d34m45.5s,-19.579313,8.02678456,,,,,,,,,
310,EPIC 205071984.02,K2-32 d,CONFIRMED,16h49m42.26s,252.426083,-19d32m34.2s,-19.542821,31.7154,,,3.71,3.77,0.336,5428,4.45,,0.92
311,EPIC 205071984.01,K2-32 b,CONFIRMED,16h49m42.26s,252.426083,-19d32m34.2s,-19.542821,8.99002105,,,,,,,,,
313,EPIC 205071984.03,K2-32 c,CONFIRMED,16h49m42.26s,252.426083,-19d32m34.2s,-19.542821,20.6602,,,3.26,3.32,0.296,5428,4.45,,0.92
316,EPIC 205084841.01,,CANDIDATE,16h33m35.83s,248.39928,-19d28m45.1s,-19.479185,11.31009,,,11.9,130,11.6,4793,2.37,,10
317,EPIC 205111664.01,,CANDIDATE,16h14m43.23s,243.680112,-19d20m47.8s,-19.346616,15.937378,,,0.02135,1.84,0.164,4574,,,0.7
318,EPIC 205117205.01,K2-33 b,CONFIRMED,16h10m14.74s,242.561406,-19d19m09.4s,-19.319273,5.4252061,,,0.04747,0.868,0.077,2890,,,0.16
319,EPIC 205145448.01,,CANDIDATE,16h33m47.67s,248.448634,-19d10m40.0s,-19.17779,16.63091654,,,,,,,,,
324,EPIC 205148699.01,,CANDIDATE,16h52m38.52s,253.160483,-19d09m41.9s,-19.16165,4.37983009,,,,,,,,,
325,EPIC 205152172.01,,CANDIDATE,16h20m43.20s,245.180008,-19d08m38.9s,-19.14414,0.97988263,,,,,,,,,
328,EPIC 205242733.01,,CANDIDATE,16h27m31.18s,246.879897,-18d40m30.6s,-18.675165,2.4165066,,,0.02173,0.988,0.088,3483,,,0.38
329,EPIC 205252523.01,,CANDIDATE,16h28m10.43s,247.04344,-18d37m26.1s,-18.623918,4.4984354,,,0.04131,3.12,0.278,4309,,,0.66
330,EPIC 205463986.01,,CANDIDATE,16h06m06.63s,241.527636,-17d25m02.5s,-17.417355,2.3240489,,,0.4699,33.4,2.98,5107,,,0.78
331,EPIC 205489894.01,,CANDIDATE,16h29m53.84s,247.474335,-17d14m50.0s,-17.247229,14.658196,,,0.03059,1.6,0.143,3610,,,0.45
332,EPIC 205570849.01,,CANDIDATE,16h19m27.22s,244.863427,-16d41m21.0s,-16.689158,16.858,,,4.7,5.6,0.5,5957,4.35,,1.07
333,EPIC 205686202.01,,CANDIDATE,16h26m34.33s,246.643039,-15d47m32.6s,-15.792386,13.15628,,,7.82,3.2,0.29,3809,4.89,,0.38
335,EPIC 205703094.01,,CANDIDATE,16h29m21.34s,247.33893,-15d38m48.3s,-15.646748,8.1191,,,45,57,5.1,6040,4.32,,1.2
336,EPIC 205703094.02,,CANDIDATE,16h29m21.34s,247.33893,-15d38m48.3s,-15.646748,16.235,,,8.6,11,1,6040,4.32,,1.2
338,EPIC 205904628.01,,CANDIDATE,,,,,9.975403,,,0.01516,2.13,0.19,6063,,,1.18
339,EPIC 205916793.01,K2-54 b,CONFIRMED,22h32m13.00s,338.054185,-17d32m38.4s,-17.543994,9.7843,,,2.72,1.15,0.103,3798,4.89,,0.38
342,EPIC 205924614.01,K2-55 b,CONFIRMED,22h15m00.46s,333.751927,-17d15m02.5s,-17.250707,2.84947127,,,,,,,,,
345,EPIC 205944181.01,,CANDIDATE,22h15m41.98s,333.924909,-16d33m48.7s,-16.563539,2.475527,,,38,42,3.7,5962,4.4,,1.06
346,EPIC 205947161.01,,CANDIDATE,22h43m50.33s,340.959693,-16d27m44.8s,-16.462458,17.72507,,,31,45,4,6189,4.15,,1.33
348,EPIC 205947214.01,,CANDIDATE,22h18m27.99s,334.61663,-16d27m39.3s,-16.460911,54.169832,,,0.4052,22,1.963,3836,,,0.55
349,EPIC 205950854.01,,CANDIDATE,22h12m26.37s,333.109888,-16d20m30.3s,-16.341755,15.85412,,,0.02208,2.34,0.209,5495,,,0.88
350,EPIC 205957328.01,,CANDIDATE,22h39m36.59s,339.902444,-16d07m47.2s,-16.129775,14.353347,,,0.02383,2.19,0.195,5162,,,0.79
351,EPIC 205976958.01,,CANDIDATE,22h37m14.32s,339.309679,-15d30m50.9s,-15.514149,2.3181466,,,0.03644,2.9,0.259,4343,,,0.67
354,EPIC 205996447.01,,CANDIDATE,22h38m54.39s,339.726635,-14d55m32.4s,-14.925673,0.80032756,,,0.3618,21.3,1.9,4028,,,0.61
357,EPIC 205999468.01,,CANDIDATE,22h21m37.59s,335.40662,-14d50m22.1s,-14.83948,12.25823207,,,,,,,,,
358,EPIC 206007892.01,,CANDIDATE,22h28m10.62s,337.04427,-14d35m57.8s,-14.599381,6.37961,,,0.01388,1.41,0.126,5347,,,0.83
359,EPIC 206008091.01,,CANDIDATE,22h21m48.17s,335.450723,-14d35m35.8s,-14.593286,12.400731,,,0.01629,1.92,0.171,5749,,,0.98
360,EPIC 206008091.02,,CANDIDATE,22h21m48.17s,335.450723,-14d35m35.8s,-14.593286,7.5767206,,,0.01287,1.5,0.134,5749,,,0.98
362,EPIC 206011496.01,,CANDIDATE,22h48m07.57s,342.031525,-14d29m40.9s,-14.494689,2.36840828,,,,,,,,,
364,EPIC 206011691.02,K2-21 c,CONFIRMED,22h41m12.89s,340.303689,-14d29m20.4s,-14.488987,15.4941223,,,,,,,,,
368,EPIC 206011691.01,K2-21 b,CONFIRMED,22h41m12.89s,340.303689,-14d29m20.4s,-14.488987,9.32389,,,2.46,1.25,0.112,4006,4.83,,0.46
369,EPIC 206024342.02,,CANDIDATE,22h05m06.53s,331.277219,-14d07m18.0s,-14.121665,0.9116567,,,0.01593,1.35,0.12,5648,,,0.94
370,EPIC 206024342.01,,CANDIDATE,22h05m06.53s,331.277219,-14d07m18.0s,-14.121665,14.637,,,2.49,4,0.36,6438,4.2,,1.5
372,EPIC 206026136.01,K2-57 b,CONFIRMED,22h50m46.01s,342.691712,-14d04m11.6s,-14.069886,9.0063,,,3.08,2.1,0.187,4434,4.68,,0.62
377,EPIC 206026904.03,K2-58 d,CONFIRMED,22h15m17.24s,333.821819,-14d02m59.3s,-14.049808,22.8827,,,1.8,1.71,0.153,5413,4.52,,0.86
378,EPIC 206026904.02,K2-58 c,CONFIRMED,22h15m17.24s,333.821819,-14d02m59.3s,-14.049808,2.53726,,,1.69,1.62,0.145,5413,4.52,,0.86
380,EPIC 206026904.01,K2-58 b,CONFIRMED,22h15m17.24s,333.821819,-14d02m59.3s,-14.049808,7.05240378,,,,,,,,,
383,EPIC 206027655.01,K2-59 b,CONFIRMED,22h35m46.16s,338.942343,-14d01m39.9s,-14.027745,20.6921,,,2.99,2.41,0.215,5055,4.59,,0.73
384,EPIC 206027655.02,K2-59 c,CONFIRMED,22h35m46.16s,338.942343,-14d01m39.9s,-14.027745,11.2954,,,2.86,2.3,0.205,5055,4.59,,0.73
386,EPIC 206028176.01,,CANDIDATE,22h01m12.07s,330.300307,-14d00m52.4s,-14.014557,9.3826,,,1.58,2.39,0.213,6377,4.22,,1.38
387,EPIC 206029450.01,,CANDIDATE,22h23m31.90s,335.882932,-13d58m46.6s,-13.979621,4.2304959,,,0.03081,2.56,0.228,4335,,,0.67
388,EPIC 206032309.01,,CANDIDATE,22h44m57.77s,341.240699,-13d54m03.3s,-13.900921,4.1107634,,,0.04665,1.01,0.09,2989,,,0.18
389,EPIC 206036749.01,,CANDIDATE,22h09m54.30s,332.476246,-13d46m39.7s,-13.7777,1.131316,,,3.13,4.6,0.41,6292,4.27,,1.32
392,EPIC 206038483.01,K2-60 b,CONFIRMED,22h34m25.48s,338.606184,-13d43m54.1s,-13.731702,3.00234671,,,,,,,,,
394,EPIC 206042996.01,,CANDIDATE,22h30m03.26s,337.513575,-13d36m36.4s,-13.610113,0.35490972,,,0.02145,1.45,0.129,3893,,,0.57
395,EPIC 206044803.01,K2-61 b,CONFIRMED,22h38m41.94s,339.674743,-13d33m36.1s,-13.560024,2.57275378,,,,,,,,,
398,EPIC 206049452.01,,CANDIDATE,22h18m06.37s,334.52654,-13d26m14.4s,-13.437336,14.454495,,,0.02923,2.21,0.197,4521,,,0.7
399,EPIC 206049764.01,,CANDIDATE,22h09m21.80s,332.340822,-13d25m43.9s,-13.428865,5.6315915,,,0.01372,1.23,0.11,5032,,,0.77
400,EPIC 206055981.01,,CANDIDATE,22h31m26.14s,337.858905,-13d15m52.7s,-13.264627,20.643928,,,0.03129,2.54,0.227,4396,,,0.68
401,EPIC 206056433.01,,CANDIDATE,22h20m42.97s,335.179036,-13d15m08.1s,-13.252261,28.564994,,,0.02852,2.25,0.201,4418,,,0.68
404,EPIC 206061524.01,,CANDIDATE,22h20m13.77s,335.057358,-13d06m52.7s,-13.114627,5.87913354,,,,,,,,,
407,EPIC 206082454.02,,CANDIDATE,22h21m14.01s,335.308377,-12d33m24.8s,-12.5569,14.317001,,,0.01714,1.8,0.161,5449,,,0.86
408,EPIC 206082454.01,,CANDIDATE,22h21m14.01s,335.308377,-12d33m24.8s,-12.5569,29.626,89,36.8,0.0348,,,,,,
411,EPIC 206096602.01,K2-62 b,CONFIRMED,22h17m27.40s,334.36418,-12d11m15.0s,-12.187498,6.67010938,,,,,,,,,
412,EPIC 206096602.02,K2-62 c,CONFIRMED,22h17m27.40s,334.36418,-12d11m15.0s,-12.187498,16.1966,,,2.69,2.14,0.191,4880,4.6,,0.73
415,EPIC 206101302.02,K2-63 b,CONFIRMED,22h13m42.40s,333.426666,-12d03m58.9s,-12.066374,20.257,,,1.8,3.22,0.287,6771,4.15,,1.63
418,EPIC 206101302.01,,CANDIDATE,22h13m42.40s,333.426666,-12d03m58.9s,-12.066374,25.4556,,,2.19,3.9,0.35,6771,4.15,,1.63
419,EPIC 206103150.03,WASP-47 e,CONFIRMED,,,,,0.789518,,,1.344,1.64,0.146,5950,4.32,,1.1
424,EPIC 206103150.01,WASP-47 b,CONFIRMED,,,,,4.15810694,,,,,,,,,
426,EPIC 206103150.02,WASP-47 d,CONFIRMED,,,,,9.03164,,,2.6,3.18,0.284,5950,4.32,,1.1
428,EPIC 206114294.01,,CANDIDATE,22h09m22.61s,332.344222,-11d44m03.4s,-11.734278,3.291897,,,7.77,3.39,0.302,3850,4.88,,0.4
429,EPIC 206114630.01,,CANDIDATE,22h01m19.33s,330.33053,-11d43m27.4s,-11.724275,7.4448754,,,0.03097,2.11,0.188,5132,,,0.78
430,EPIC 206119924.01,,CANDIDATE,,,,,4.6556782,,,0.01,0.814,0.073,4264,,,0.66
433,EPIC 206125618.01,K2-64 b,CONFIRMED,22h09m39.27s,332.413612,-11d25m43.5s,-11.428742,6.53147301,,,,,,,,,
434,EPIC 206135075.01,,CANDIDATE,22h31m45.75s,337.940608,-11d10m55.4s,-11.182043,54.976021,,,0.2481,39.1,3.488,6333,,,1.41
435,EPIC 206135267.01,,CANDIDATE,,,,,2.573088,,,12.35,34,3.03,5165,3.68,,2.5
437,EPIC 206135682.01,,CANDIDATE,22h10m32.56s,332.635676,-11d09m58.3s,-11.166197,5.025831,,,0.01961,1.72,0.153,4679,,,0.72
440,EPIC 206144956.01,K2-65 b,CONFIRMED,,,,,12.65309622,,,,,,,,,
441,EPIC 206146957.01,,CANDIDATE,21h58m54.25s,329.726059,-10d52m30.3s,-10.87507,5.7619248,,,0.01357,1.37,0.122,5350,,,0.83
443,EPIC 206151047.01,,CANDIDATE,22h14m51.60s,333.71501,-10d46m09.0s,-10.769168,0.358378,85.4,4.9,0.017,1.65,0.147,5928,4.25,-0.169,0.89
444,EPIC 206152015.01,,CANDIDATE,22h49m21.93s,342.341367,-10d44m36.4s,-10.743431,0.80858305,,,,,,,,,
445,EPIC 206153219.01,K2-66 b,CONFIRMED,22h06m06.41s,331.5267,-10d42m41.6s,-10.711549,5.06965,,,1.324,2.49,0.222,5958,4.04,,1.71
448,EPIC 206154641.01,WASP-75 b,CONFIRMED,,,,,2.48450535,,,,,,,,,
451,EPIC 206155547.01,K2-67 b,CONFIRMED,22h14m25.51s,333.606312,-10d39m10.0s,-10.652785,24.3949924,,,,,,,,,
455,EPIC 206159027.01,K2-68 b,CONFIRMED,22h16m04.75s,334.019783,-10d34m02.3s,-10.567318,8.05428,,,2.11,1.58,0.141,4746,4.63,,0.68
456,EPIC 206162305.01,K2-69 b,CONFIRMED,22h23m02.29s,335.759539,-10d29m18.9s,-10.48858,7.06599,,,4.28,2.32,0.207,4127,4.79,,0.49
459,EPIC 206169375.01,,CANDIDATE,22h56m03.93s,344.016383,-10d19m56.0s,-10.332234,0.367453,85.3,5.2,0.0246,2.55,0.227,6167,4.16,-0.168,0.95
460,EPIC 206175552.01,,CANDIDATE,22h38m02.77s,339.511537,-10d12m18.4s,-10.205107,6.57986525,,,,,,,,,
463,EPIC 206181769.01,K2-70 b,CONFIRMED,22h33m54.19s,338.475795,-10d05m05.8s,-10.084946,13.98746633,,,,,,,,,
465,EPIC 206192335.01,,CANDIDATE,22h10m39.41s,332.664193,-09d53m23.1s,-9.889762,3.59912,,,1.63,1.46,0.13,5518,4.56,,0.82
466,EPIC 206192813.01,K2-71 b,CONFIRMED,22h46m53.86s,341.724437,-09d52m53.8s,-9.881619,6.98541,,,4.57,2.15,0.192,4006,4.85,,0.43
468,EPIC 206209135.01,K2-72 b,CONFIRMED,22h18m29.27s,334.621964,-09d36m44.6s,-9.612382,5.57739,,,2.95,0.75,0.067,3497,5.05,,0.23
469,EPIC 206209135.03,K2-72 d,CONFIRMED,22h18m29.27s,334.621964,-09d36m44.6s,-9.612382,7.7599,,,2.86,0.73,0.065,3497,5.05,,0.23
470,EPIC 206209135.02,K2-72 c,CONFIRMED,22h18m29.27s,334.621964,-09d36m44.6s,-9.612382,15.1871,,,3.34,0.86,0.077,3497,5.05,,0.23
472,EPIC 206209135.04,K2-72 e,CONFIRMED,22h18m29.27s,334.621964,-09d36m44.6s,-9.612382,24.1669,,,3.2,0.82,0.073,3497,5.05,,0.23
473,EPIC 206215704.01,,CANDIDATE,22h20m22.76s,335.094822,-09d30m34.3s,-9.509531,0.62309386,,,0.03441,2.52,0.225,4231,,,0.65
477,EPIC 206245553.01,K2-73 b,CONFIRMED,22h20m06.11s,335.025479,-09d03m21.9s,-9.056093,7.49491004,,,,,,,,,
480,EPIC 206247743.01,K2-39 b,CONFIRMED,22h33m28.41s,338.368392,-09d01m22.0s,-9.022769,4.60497,,,2.52,7.09,0.633,4993,3.68,,2.59
482,EPIC 206268299.01,K2-74 b,CONFIRMED,22h39m40.64s,339.91935,-08d42m52.2s,-8.714505,19.5666,,,2.15,2.31,0.206,6060,4.44,,0.98
484,EPIC 206298289.01,,CANDIDATE,22h29m25.85s,337.357688,-08d16m00.1s,-8.266702,0.434827,84.8,5.2,0.0297,1.62,0.145,3724,4.94,0.017,0.5
486,EPIC 206311743.01,,CANDIDATE,22h20m28.44s,335.118513,-08d03m37.9s,-8.060535,4.31444335,,,,,,,,,
487,EPIC 206312951.01,,CANDIDATE,22h28m20.41s,337.08506,-08d02m29.5s,-8.041529,1.5339666,,,0.02385,1.47,0.131,3757,,,0.52
488,EPIC 206317286.01,,CANDIDATE,22h30m28.22s,337.617598,-07d58m20.7s,-7.972406,17.501662,,,0.03159,2.63,0.235,4749,,,0.73
489,EPIC 206318379.01,K2-28 b,CONFIRMED,22h22m29.85s,335.624384,-07d57m19.3s,-7.955366,2.2604439,,,0.0774,1.6,0.143,2997,,,0.18
490,EPIC 206348688.02,K2-75 c,CONFIRMED,22h35m22.76s,338.84485,-07d28m11.5s,-7.469853,18.311,,,1.62,2.77,0.247,5995,4.12,,1.56
492,EPIC 206348688.01,K2-75 b,CONFIRMED,22h35m22.76s,338.84485,-07d28m11.5s,-7.469853,7.8142,,,1.56,2.67,0.238,5995,4.12,,1.56
494,EPIC 206403979.01,,CANDIDATE,22h11m33.45s,332.889367,-06d34m06.8s,-6.568565,23.8039,,,21,12,1.1,4840,4.81,,0.48
495,EPIC 206417197.01,,CANDIDATE,22h28m32.03s,337.133466,-06d20m51.0s,-6.347505,0.442094,81.6,3.2,0.0138,1.16,0.103,5007,4.59,-0.063,0.77
500,EPIC 206432863.01,K2-76 b,CONFIRMED,22h28m25.34s,337.105587,-06d05m12.0s,-6.086677,11.99899626,,,,,,,,,
501,EPIC 206439513.01,,CANDIDATE,22h31m24.84s,337.853509,-05d58m40.7s,-5.977968,18.406118,,,0.02417,5.2,0.464,6684,,,1.84
502,EPIC 206500801.01,,CANDIDATE,22h17m58.14s,334.492238,-04d51m52.6s,-4.864619,8.15306759,,,,,,,,,
503,EPIC 206532093.01,,CANDIDATE,22h22m18.70s,335.577903,-04d12m22.6s,-4.206278,2.2021868,,,0.5916,56.5,5.041,5695,,,0.96
504,EPIC 206535016.01,,CANDIDATE,22h20m57.66s,335.240257,-04d08m22.1s,-4.139476,20.398147,,,0.03633,2.93,0.261,5399,,,0.85
505,EPIC 206543223.01,,CANDIDATE,22h24m02.68s,336.011157,-03d57m15.8s,-3.95439,17.80345864,,,,,,,,,
508,EPIC 207389002.01,,CANDIDATE,,,,,2.931226,,,75,90,8,6097,4.37,,1.12
510,EPIC 207739861.01,,CANDIDATE,,,,,1.81449,,,27,27,2.4,5614,4.49,,0.92
511,EPIC 208445756.01,,CANDIDATE,,,,,22.4844,,,65,79,7,6173,4.35,,1.15
512,EPIC 208833261.01,,CANDIDATE,,,,,3.47451,,,5.36,10.6,0.95,7143,4.12,,1.83
513,EPIC 209036259.01,,CANDIDATE,,,,,0.369181,,,7.05,16.5,1.47,6020,3.76,,2.22
514,EPIC 209286622.01,,CANDIDATE,,,,,6.71694,,,44,39,3.5,5267,4.55,,0.82
515,EPIC 210363145.01,K2-77 b,CONFIRMED,03h40m54.82s,55.228426,+12d34m21.4s,12.572612,8.20075,,,2.7,2.47,0.22,5297,4.54,,0.83
516,EPIC 210389383.01,,CANDIDATE,04h10m24.88s,62.603675,+13d13m03.8s,13.217711,14.08549,,,14.602,21.1,1.88,5970,4.16,,1.32
517,EPIC 210400751.01,K2-78 b,CONFIRMED,03h48m54.07s,57.225306,+13d29m00.8s,13.483545,2.29016,,,1.45,1.42,0.127,5729,4.51,,0.88
519,EPIC 210402237.01,K2-79 b,CONFIRMED,03h41m01.42s,55.255905,+13d31m09.7s,13.519372,10.99573,,,2.61,3.69,0.329,5926,4.25,,1.28
520,EPIC 210403955.02,K2-80 c,CONFIRMED,03h56m09.00s,59.037487,+13d33m33.4s,13.559289,5.605,,,1.54,1.47,0.131,5441,4.52,,0.87
521,EPIC 210403955.01,K2-80 b,CONFIRMED,03h56m09.00s,59.037487,+13d33m33.4s,13.559289,19.0918,,,2.1,2.01,0.179,5441,4.52,,0.87
523,EPIC 210414957.01,,CANDIDATE,04h17m18.06s,64.325266,+13d48m17.4s,13.804842,0.96997227,,,,,,,,,
526,EPIC 210448987.01,K2-81 b,CONFIRMED,03h49m56.52s,57.485488,+14d30m07.9s,14.5022,6.10099028,,,,,,,,,
527,EPIC 210472483.01,,CANDIDATE,04h17m08.61s,64.285893,+14d56m11.0s,14.936378,1.1430018,,,,,,,,,
528,EPIC 210483889.01,K2-82 b,CONFIRMED,03h54m03.57s,58.514872,+15d08m13.7s,15.137152,7.195834,,,13.98,2.6,0.23,3415,5.14,,0.17
529,EPIC 210508766.01,K2-83 b,CONFIRMED,03h59m36.37s,59.901562,+15d33m32.0s,15.558886,2.74697,,,2.68,1.244,0.111,3910,4.86,,0.42
530,EPIC 210508766.02,K2-83 c,CONFIRMED,03h59m36.37s,59.901562,+15d33m32.0s,15.558886,10.00102551,,,,,,,,,
532,EPIC 210512842.01,,CANDIDATE,04h01m29.99s,60.374949,+15d37m30.1s,15.625037,5.86639571,,,,,,,,,
533,EPIC 210513446.01,,CANDIDATE,03h52m04.45s,58.018524,+15d38m07.0s,15.635284,1.14907861,,,,,,,,,
535,EPIC 210550063.01,,CANDIDATE,04h04m31.66s,61.131909,+16d13m00.1s,16.216694,2.16594452,,,,,,,,,
536,EPIC 210558622.01,,CANDIDATE,04h03m10.28s,60.792843,+16d20m50.8s,16.347447,19.5661401,,,,,,,,,
538,EPIC 210559259.01,,CANDIDATE,03h57m54.20s,59.475854,+16d21m27.7s,16.357698,14.27669647,,,,,,,,,
539,EPIC 210576234.01,,CANDIDATE,03h35m05.42s,53.772568,+16d36m55.3s,16.615369,15.97700259,,,,,,,,,
540,EPIC 210577548.01,K2-84 b,CONFIRMED,03h43m14.23s,55.809274,+16d38m04.4s,16.634549,6.4215,,,2.34,2.41,0.215,5652,4.48,,0.93
541,EPIC 210577548.02,K2-84 c,CONFIRMED,03h43m14.23s,55.809274,+16d38m04.4s,16.634549,27.86,,,1.98,2.03,0.181,5652,4.48,,0.93
542,EPIC 210598340.01,,CANDIDATE,03h47m28.49s,56.868728,+16d56m29.9s,16.94163,3.73478175,,,,,,,,,
543,EPIC 210605073.01,,CANDIDATE,04h22m29.59s,65.62329,+17d02m16.3s,17.037875,0.567055,85.7,5.7,0.1047,16.22,1.447,7020,4,0,1.42
544,EPIC 210609658.01,,CANDIDATE,03h42m52.04s,55.716836,+17d06m05.4s,17.1015,14.14459,,,5.71,16.6,1.48,5011,3.66,,2.69
545,EPIC 210625740.01,,CANDIDATE,04h04m00.46s,61.00193,+17d19m41.5s,17.328197,2.38669,,,11,3.5,0.31,3676,4.99,,0.29
546,EPIC 210659688.01,,CANDIDATE,03h42m19.32s,55.58048,+17d48m02.4s,17.800665,2.35771,,,10.4,3,0.27,3655,5.01,,0.27
547,EPIC 210666756.01,,CANDIDATE,03h53m44.60s,58.435825,+17d53m55.9s,17.898864,1.39657671,,,,,,,,,
549,EPIC 210707130.01,K2-85 b,CONFIRMED,03h57m51.45s,59.464394,+18d27m54.9s,18.465254,0.68458757,,,,,,,,,
552,EPIC 210718708.01,K2-86 b,CONFIRMED,03h26m12.67s,51.5528,+18d38m08.2s,18.635616,8.77683,,,2.34,1.96,0.175,5482,4.58,,0.76
553,EPIC 210731500.01,K2-87 b,CONFIRMED,04h24m56.69s,66.236225,+18d49m38.7s,18.827418,9.72739,,,4.41,4.6,0.41,5406,4.47,,0.93
554,EPIC 210744674.01,,CANDIDATE,04h23m26.16s,65.859019,+19d01m39.0s,19.027495,25.2077883,,,,,,,,,
556,EPIC 210750726.01,K2-88 b,CONFIRMED,03h39m00.38s,54.751598,+19d07m12.6s,19.120178,4.6122,,,4.36,1.23,0.11,3537,5.02,,0.26
559,EPIC 210754505.01,,CANDIDATE,04h18m34.78s,64.64493,+19d10m44.6s,19.179056,0.87052967,,,,,,,,,
560,EPIC 210769880.01,,CANDIDATE,04h10m07.91s,62.532946,+19d24m40.2s,19.411153,1.43689647,,,,,,,,,
562,EPIC 210838726.01,K2-89 b,CONFIRMED,03h48m16.01s,57.066715,+20d27m34.7s,20.459638,1.096026,,,1.76,0.615,0.055,3691,4.96,,0.32
563,EPIC 210843708.01,,CANDIDATE,03h51m09.36s,57.789012,+20d32m06.3s,20.53508,0.7041655,,,,,,,,,
564,EPIC 210877025.01,,CANDIDATE,03h46m33.89s,56.641225,+21d02m03.5s,21.034302,18.03895153,,,,,,,,,
567,EPIC 210903662.01,,CANDIDATE,04h00m12.26s,60.051087,+21d26m51.1s,21.447541,2.41040731,,,,,,,,,
568,EPIC 210925707.01,,CANDIDATE,03h48m28.93s,57.120544,+21d47m50.9s,21.79746,1.6865884,,,,,,,,,
571,EPIC 210957318.01,K2-30 b,CONFIRMED,03h29m22.07s,52.341962,+22d17m57.9s,22.299405,4.09803132,,,,,,,,,
572,EPIC 210958990.01,,CANDIDATE,04h11m00.96s,62.754015,+22d19m31.2s,22.325341,1.702301,,,13.69,19.1,1.7,6116,4.24,,1.28
573,EPIC 210961508.01,,CANDIDATE,03h59m40.82s,59.920104,+22d21m57.5s,22.365984,0.349935,81.8,3.4,0.0263,2.18,0.194,4925,3.42,-0.06,0.76
574,EPIC 210968143.02,K2-90 c,CONFIRMED,03h56m36.58s,59.152405,+22d28m21.5s,22.472632,2.90032,,,1.88,1.02,0.091,4136,4.79,,0.49
575,EPIC 210968143.01,K2-90 b,CONFIRMED,03h56m36.58s,59.152405,+22d28m21.5s,22.472632,13.71468745,,,,,,,,,
577,EPIC 211009047.01,,CANDIDATE,04h04m21.49s,61.089561,+23d07m04.2s,23.117842,1.31982263,,,,,,,,,
578,EPIC 211048999.01,,CANDIDATE,03h55m11.26s,58.796898,+23d45m24.5s,23.756807,5.17110937,,,,,,,,,
580,EPIC 211077024.01,K2-91 b,CONFIRMED,04h12m52.33s,63.218062,+24d12m18.4s,24.205112,1.41929871,,,,,,,,,
582,EPIC 211089792.01,K2-29 b,CONFIRMED,04h10m40.96s,62.670647,+24d24m07.4s,24.402043,3.2591993,,,,,,,,,
583,EPIC 211147528.01,,CANDIDATE,03h58m35.32s,59.647171,+25d23m18.9s,25.388589,2.34951024,,,,,,,,,
585,EPIC 211152484.01,K2-92 b,CONFIRMED,04h00m16.77s,60.069895,+25d28m48.0s,25.48,0.701818,,,1.68,2.56,0.228,6098,4.17,,1.38
586,EPIC 211169300.01,,CANDIDATE,03h53m57.83s,58.490966,+25d47m50.4s,25.797325,16.43831081,,,,,,,,,
587,EPIC 211308899.01,,CANDIDATE,08h53m18.01s,133.325027,+10d01m47.0s,10.029715,6.423,,,1.9868,,,,,,
588,EPIC 211314705.01,,CANDIDATE,08h36m31.18s,129.129927,+10d08m50.2s,10.14728,3.794,,,3.1731,,,,,,
589,EPIC 211319617.01,,CANDIDATE,08h25m51.34s,126.463933,+10d14m49.1s,10.246968,8.866,,,3.2056,,,,,,
590,EPIC 211328748.01,,CANDIDATE,08h40m56.49s,130.235394,+10d25m20.6s,10.422378,17.178,,,1.4808,,,,,,
591,EPIC 211331236.01,,CANDIDATE,08h55m25.36s,133.855682,+10d28m08.9s,10.469131,1.291626,,,,,,,,,
593,EPIC 211333233.01,,CANDIDATE,08h27m35.56s,126.898155,+10d30m23.6s,10.506562,5.409,,,1.3096,,,,,,
594,EPIC 211335816.01,,CANDIDATE,08h26m29.76s,126.624017,+10d33m19.4s,10.5554,4.99,,,4.3667,,,,,,
595,EPIC 211336616.01,,CANDIDATE,08h49m42.41s,132.42672,+10d34m14.0s,10.570543,44.13,,,2.0655,,,,,,
596,EPIC 211342524.01,,CANDIDATE,08h32m23.69s,128.098694,+10d40m38.1s,10.677239,14.4518248,,,,,,,,,
598,EPIC 211351816.01,EPIC 211351816 b,CONFIRMED,08h31m03.08s,127.762836,+10d50m51.3s,10.847586,8.406,,,2.3577,,,,,,
600,EPIC 211355342.01,,CANDIDATE,08h30m12.97s,127.554034,+10d54m37.1s,10.910294,6.89424037,,,,,,,,,
601,EPIC 211357309.01,,CANDIDATE,08h52m55.83s,133.23263,+10d56m41.0s,10.944721,0.46395,84,4.7,0.0186,0.85,0.076,3563,5,0.097,0.42
602,EPIC 211359660.01,,CANDIDATE,08h40m43.28s,130.180327,+10d58m58.6s,10.982941,4.73730765,,,,,,,,,
604,EPIC 211365543.01,,CANDIDATE,08h29m48.83s,127.453439,+11d05m08.4s,11.085656,5.264,,,0.9804,,,,,,
605,EPIC 211375488.01,,CANDIDATE,08h43m20.83s,130.836782,+11d14m53.2s,11.24812,2.084,,,4.8839,,,,,,
606,EPIC 211383821.01,,CANDIDATE,08h44m09.92s,131.041354,+11d23m07.8s,11.385502,1.56706496,,,,,,,,,
608,EPIC 211391664.01,EPIC 211391664 b,CONFIRMED,08h25m57.19s,126.488289,+11d30m40.1s,11.511145,10.13892836,,,,,,,,,
610,EPIC 211399359.01,,CANDIDATE,08h32m16.11s,128.067142,+11d37m50.6s,11.630727,3.11491262,,,,,,,,,
612,EPIC 211401787.01,,CANDIDATE,08h27m35.27s,126.896955,+11d40m02.9s,11.667474,13.773,,,1.5638,,,,,,
613,EPIC 211413752.01,,CANDIDATE,08h54m50.29s,133.709545,+11d50m53.8s,11.848265,9.33155684,,,,,,,,,
616,EPIC 211418729.01,,CANDIDATE,08h31m31.91s,127.882962,+11d55m20.2s,11.922265,11.38576954,,,,,,,,,
617,EPIC 211424769.01,,CANDIDATE,08h35m24.64s,128.852684,+12d00m41.9s,12.01165,5.176,,,5.9037,,,,,,
618,EPIC 211428897.01,,CANDIDATE,08h35m25.81s,128.857549,+12d04m33.0s,12.075844,1.611,,,2.2748,,,,,,
619,EPIC 211432103.01,,CANDIDATE,08h55m24.59s,133.852475,+12d07m36.0s,12.126656,0.93346092,,,,,,,,,
620,EPIC 211439059.01,,CANDIDATE,08h47m53.65s,131.97353,+12d13m54.9s,12.231904,18.641,,,1.6896,,,,,,
622,EPIC 211442297.01,,CANDIDATE,08h26m12.83s,126.553444,+12d16m55.0s,12.281936,20.27362337,,,,,,,,,
623,EPIC 211490999.01,,CANDIDATE,08h43m11.72s,130.798847,+13d00m34.5s,13.009593,9.844,,,2.8435,,,,,,
624,EPIC 211491383.01,,CANDIDATE,08h40m37.24s,130.155165,+13d00m52.8s,13.014676,4.144,,,0.8845,,,,,,
625,EPIC 211492449.01,,CANDIDATE,08h43m45.22s,130.938427,+13d01m49.6s,13.030436,16.24196986,,,,,,,,,
626,EPIC 211509553.01,,CANDIDATE,09h00m04.74s,135.019765,+13d16m25.9s,13.273871,20.359,,,18.1997,,,,,,
627,EPIC 211525389.01,,CANDIDATE,08h21m40.87s,125.420277,+13d29m51.1s,13.49753,8.26345949,,,,,,,,,
630,EPIC 211529065.01,,CANDIDATE,08h45m03.98s,131.266597,+13d32m59.4s,13.549833,4.39883617,,,,,,,,,
631,EPIC 211541590.01,,CANDIDATE,09h08m42.46s,137.176933,+13d43m27.4s,13.724288,9.81881482,,,,,,,,,
632,EPIC 211562654.01,,CANDIDATE,08h20m01.72s,125.00716,+14d01m10.1s,14.019461,10.7930529,,,,,,,,,
634,EPIC 211569704.01,,CANDIDATE,08h28m01.12s,127.004675,+14d07m10.6s,14.119618,34.023,,,1.7559,,,,,,
635,EPIC 211572511.01,,CANDIDATE,08h26m05.22s,126.521763,+14d09m26.1s,14.157244,10.39528014,,,,,,,,,
636,EPIC 211578235.01,,CANDIDATE,09h00m14.74s,135.061436,+14d14m15.2s,14.23756,11.00357542,,,,,,,,,
637,EPIC 211579112.01,,CANDIDATE,09h03m32.00s,135.883338,+14d15m01.9s,14.250527,17.703,,,8.0674,,,,,,
638,EPIC 211579683.01,,CANDIDATE,08h20m51.49s,125.21455,+14d15m31.2s,14.258666,9.01258853,,,,,,,,,
639,EPIC 211586387.01,,CANDIDATE,09h07m12.27s,136.801117,+14d21m19.7s,14.355476,35.383,,,3.0738,,,,,,
640,EPIC 211594205.01,,CANDIDATE,08h36m33.63s,129.140107,+14d27m43.0s,14.461936,16.99291698,,,,,,,,,
642,EPIC 211645912.01,,CANDIDATE,08h19m59.30s,124.997087,+15d10m40.4s,15.177895,10.673,,,1.6562,,,,,,
643,EPIC 211682423.01,,CANDIDATE,08h48m22.25s,132.092703,+15d40m44.1s,15.678911,6.96350934,,,,,,,,,
644,EPIC 211685045.01,,CANDIDATE,08h13m26.31s,123.359621,+15d42m49.5s,15.713759,0.769057,82.9,3.3,0.035,2.06,0.184,3832,4.9,-0.058,0.54
645,EPIC 211713099.01,,CANDIDATE,08h20m53.73s,125.223881,+16d05m27.4s,16.090947,8.56394776,,,,,,,,,
647,EPIC 211719484.01,,CANDIDATE,08h13m55.65s,123.48189,+16d10m41.0s,16.178066,0.36091387,,,,,,,,,
648,EPIC 211731298.01,,CANDIDATE,08h36m09.89s,129.041204,+16d20m37.3s,16.343693,1.99067602,,,,,,,,,
649,EPIC 211733267.01,,CANDIDATE,08h40m02.26s,130.009413,+16d22m20.7s,16.372406,8.65871336,,,,,,,,,
651,EPIC 211736671.01,,CANDIDATE,08h13m31.65s,123.381875,+16d25m10.6s,16.419609,4.73360988,,,,,,,,,
653,EPIC 211743874.01,,CANDIDATE,08h37m33.53s,129.389699,+16d31m19.6s,16.522103,12.281,,,1.5248,,,,,,
654,EPIC 211754962.01,,CANDIDATE,08h16m07.07s,124.029474,+16d40m37.8s,16.677163,3.41052823,,,,,,,,,
655,EPIC 211763214.01,,CANDIDATE,08h55m21.14s,133.838068,+16d47m39.0s,16.79418,21.199,,,1.3507,,,,,,
656,EPIC 211770696.01,,CANDIDATE,08h31m02.68s,127.761182,+16d54m02.0s,16.900568,16.271,,,1.7668,,,,,,
658,EPIC 211770795.01,,CANDIDATE,08h48m02.34s,132.009734,+16d54m06.7s,16.901853,7.72651124,,,,,,,,,
659,EPIC 211770867.01,,CANDIDATE,08h12m05.44s,123.022652,+16d54m10.8s,16.903006,27.693,,,13.5722,,,,,,
660,EPIC 211779390.01,,CANDIDATE,08h17m26.66s,124.361081,+17d01m27.7s,17.024356,3.85,,,1.6802,,,,,,
661,EPIC 211783206.01,,CANDIDATE,08h40m34.99s,130.145812,+17d04m40.6s,17.077936,7.134,,,2.1212,,,,,,
662,EPIC 211784767.01,,CANDIDATE,08h24m03.31s,126.013809,+17d05m56.5s,17.099015,3.57804902,,,,,,,,,
663,EPIC 211791178.01,,CANDIDATE,08h48m34.32s,132.142988,+17d11m26.5s,17.190686,9.56332821,,,,,,,,,
664,EPIC 211796070.01,,CANDIDATE,08h33m14.66s,128.311072,+17d15m41.6s,17.261563,1.89016107,,,,,,,,,
665,EPIC 211797637.01,,CANDIDATE,08h42m55.50s,130.73126,+17d16m58.2s,17.282842,1.64117466,,,,,,,,,
667,EPIC 211800191.01,,CANDIDATE,08h51m32.35s,132.884782,+17d19m11.4s,17.319834,1.10605213,,,,,,,,,
668,EPIC 211804579.01,,CANDIDATE,08h36m16.27s,129.067776,+17d22m54.0s,17.381661,1.52317871,,,,,,,,,
671,EPIC 211808055.01,,CANDIDATE,08h36m08.27s,129.034461,+17d25m48.3s,17.430082,3.38199819,,,,,,,,,
672,EPIC 211814733.01,,CANDIDATE,08h50m40.18s,132.667407,+17d31m29.6s,17.524891,14.71,,,6.6437,,,,,,
673,EPIC 211816003.01,,CANDIDATE,08h50m29.07s,132.62112,+17d32m32.8s,17.542445,14.45182127,,,,,,,,,
675,EPIC 211818569.01,,CANDIDATE,08h27m44.81s,126.93672,+17d34m45.8s,17.579397,5.185972,,,,,,,,,
677,EPIC 211822797.01,EPIC 211822797 b,CONFIRMED,08h41m38.49s,130.410365,+17d38m24.0s,17.640005,21.17623917,,,,,,,,,
678,EPIC 211825866.01,,CANDIDATE,08h17m19.86s,124.332765,+17d41m02.2s,17.683943,0.95017067,,,,,,,,,
679,EPIC 211834065.01,,CANDIDATE,08h50m11.53s,132.548024,+17d47m57.6s,17.799325,10.545,,,1.1974,,,,,,
681,EPIC 211886472.01,,CANDIDATE,09h08m31.81s,137.132531,+18d31m42.8s,18.528543,19.63366256,,,,,,,,,
682,EPIC 211897691.01,,CANDIDATE,08h40m19.81s,130.082557,+18d41m34.5s,18.692919,5.75,,,3.0749,,,,,,
683,EPIC 211906259.01,,CANDIDATE,08h45m14.65s,131.311027,+18d49m09.7s,18.819358,2.52,,,1.0236,,,,,,
684,EPIC 211913977.01,EPIC 211913977 b,CONFIRMED,08h41m22.58s,130.344085,+18d56m02.0s,18.933875,14.66146147,,,,,,,,,
685,EPIC 211919004.01,,CANDIDATE,08h39m06.49s,129.777047,+19d00m36.1s,19.010023,11.71571445,,,,,,,,,
687,EPIC 211923431.01,,CANDIDATE,08h31m44.97s,127.937355,+19d04m28.7s,19.074641,29.729,,,2.5878,,,,,,
688,EPIC 211924657.01,,CANDIDATE,08h40m06.43s,130.026777,+19d05m34.4s,19.092879,2.645,,,4.8634,,,,,,
689,EPIC 211925595.01,,CANDIDATE,08h51m49.95s,132.95813,+19d06m27.1s,19.10753,45.38331501,,,,,,,,,
690,EPIC 211929937.01,,CANDIDATE,08h36m42.83s,129.178454,+19d10m25.7s,19.173812,3.47701312,,,,,,,,,
692,EPIC 211941472.01,,CANDIDATE,08h41m47.66s,130.448577,+19d20m51.0s,19.347497,5.78,,,1.0064,,,,,,
694,EPIC 211945201.01,,CANDIDATE,09h06m17.75s,136.573975,+19d24m08.1s,19.402252,19.50735025,,,,,,,,,
695,EPIC 211965883.01,,CANDIDATE,09h04m37.73s,136.157199,+19d42m52.5s,19.714585,10.555,,,3.5337,,,,,,
696,EPIC 211969807.01,EPIC 211969807 b,CONFIRMED,08h38m32.82s,129.636756,+19d46m25.8s,19.773829,1.974,,,3.6401,,,,,,
697,EPIC 211987231.01,,CANDIDATE,09h09m31.92s,137.382988,+20d02m53.7s,20.048245,17.04066667,,,,,,,,,
698,EPIC 211990866.01,EPIC 211990866 b,CONFIRMED,08h38m24.30s,129.60125,+20d06m21.8s,20.106063,1.67344228,,,,,,,,,
700,EPIC 211993818.01,,CANDIDATE,,,,,8.986,,,22.0558,,,,,,
701,EPIC 211995325.01,,CANDIDATE,08h44m49.82s,131.207598,+20d10m39.7s,20.177694,0.279258,79.8,2.2,0.1243,8.41,0.75,4071,4.84,-0.202,0.62
702,EPIC 211995398.01,,CANDIDATE,08h14m37.51s,123.656302,+20d10m44.9s,20.179146,32.576,,,19.5795,,,,,,
703,EPIC 212006318.01,,CANDIDATE,08h42m00.32s,130.501328,+20d21m33.5s,20.359306,14.443,,,1.5651,,,,,,
705,EPIC 212006344.01,,CANDIDATE,08h25m54.31s,126.476311,+20d21m34.4s,20.359569,2.21944122,,,,,,,,,
706,EPIC 212008766.01,,CANDIDATE,08h37m07.79s,129.282438,+20d23m57.7s,20.399373,14.11544241,,,,,,,,,
708,EPIC 212009427.01,,CANDIDATE,08h31m29.87s,127.874459,+20d24m37.5s,20.410422,0.778,,,7.3676,,,,,,
710,EPIC 212012119.02,,CANDIDATE,08h48m40.77s,132.169895,+20d27m18.3s,20.455076,8.438,,,2.9,,,,,,
711,EPIC 212012119.01,,CANDIDATE,08h48m40.77s,132.169895,+20d27m18.3s,20.455076,3.28046294,,,,,,,,,
713,EPIC 212066407.01,,CANDIDATE,08h39m21.24s,129.838516,+21d23m27.0s,21.390829,0.82182448,,,,,,,,,
715,EPIC 212069861.01,,CANDIDATE,08h57m46.61s,134.444189,+21d27m12.7s,21.453533,30.96028326,,,,,,,,,
716,EPIC 212088059.01,,CANDIDATE,08h50m49.89s,132.707863,+21d47m20.8s,21.789122,10.366,,,3.5211,,,,,,
717,EPIC 212099230.01,,CANDIDATE,08h32m17.66s,128.073571,+22d00m21.6s,22.006011,7.11047482,,,,,,,,,
719,EPIC 212110007.01,,CANDIDATE,08h53m14.63s,133.310979,+22d13m08.3s,22.218977,16.7004351,,,,,,,,,
721,EPIC 212110888.01,K2-34 b,CONFIRMED,08h30m18.90s,127.57877,+22d14m09.3s,22.235908,2.99529334,,,,,,,,,
722,EPIC 212130773.01,,CANDIDATE,08h23m48.66s,125.952752,+22d38m02.5s,22.634023,18.711,,,3.6132,,,,,,
723,EPIC 212132195.01,,CANDIDATE,08h23m56.90s,125.987065,+22d39m47.0s,22.663045,26.198,,,2.9347,,,,,,
724,EPIC 212133517.01,,CANDIDATE,08h24m41.89s,126.174526,+22d41m20.2s,22.688933,9.73605539,,,,,,,,,
725,EPIC 212136123.01,,CANDIDATE,08h36m50.88s,129.211991,+22d44m28.0s,22.741123,2.226,,,2.6003,,,,,,
726,EPIC 212138198.01,,CANDIDATE,08h24m05.65s,126.023559,+22d46m59.8s,22.78329,3.209,,,4.4905,,,,,,
727,EPIC 212141021.01,,CANDIDATE,08h31m41.08s,127.92118,+22d50m30.0s,22.84167,2.918,,,1.5674,,,,,,
728,EPIC 212150006.01,,CANDIDATE,08h32m40.69s,128.169544,+23d01m55.2s,23.031999,0.89803906,,,,,,,,,
731,EPIC 212152341.01,,CANDIDATE,08h51m00.97s,132.754023,+23d05m02.2s,23.083958,6.676,,,19.8555,,,,,,
732,EPIC 212154564.01,,CANDIDATE,08h54m33.88s,133.641182,+23d07m58.4s,23.13289,6.414,,,6.8141,,,,,,
734,EPIC 212157262.01,,CANDIDATE,08h50m05.67s,132.523609,+23d11m33.4s,23.192601,7.15451552,,,,,,,,,
735,EPIC 212161956.01,,CANDIDATE,08h25m29.50s,126.372924,+23d17m50.6s,23.297377,7.187,,,3.4576,,,,,,
737,EPIC 212164470.01,,CANDIDATE,08h39m15.27s,129.813631,+23d21m26.9s,23.357481,7.81110453,,,,,,,,,
738,EPIC 212270970.01,,CANDIDATE,13h51m09.96s,207.79149,-18d27m42.2s,-18.461727,1.717,,,0.9286,,,,,,
739,EPIC 212278644.01,,CANDIDATE,13h48m29.90s,207.124576,-18d11m47.8s,-18.196601,12.426,,,2.077,,,,,,
740,EPIC 212294561.01,,CANDIDATE,13h40m35.30s,205.147104,-17d41m43.0s,-17.695271,2.76294135,,,,,,,,,
741,EPIC 212297394.01,,CANDIDATE,13h48m49.49s,207.206217,-17d36m35.7s,-17.609906,5.213,,,2.6618,,,,,,
742,EPIC 212300977.01,,CANDIDATE,,,,,4.46659676,,,,,,,,,
744,EPIC 212301649.01,,CANDIDATE,13h25m50.91s,201.462144,-17d28m59.3s,-17.483129,1.225,,,1.4962,,,,,,
745,EPIC 212310244.01,,CANDIDATE,13h52m18.70s,208.077928,-17d13m31.6s,-17.225447,6.669,,,1.4607,,,,,,
746,EPIC 212315941.01,,CANDIDATE,13h32m20.94s,203.087264,-17d03m40.3s,-17.061192,12.9348816,,,,,,,,,
747,EPIC 212321305.01,,CANDIDATE,13h38m34.08s,204.642002,-16d54m36.4s,-16.910098,34.144,,,5.3257,,,,,,
748,EPIC 212330265.01,,CANDIDATE,13h53m31.11s,208.37963,-16d39m34.9s,-16.659701,4.174,,,3.1828,,,,,,
750,EPIC 212351026.01,,CANDIDATE,13h26m44.85s,201.686872,-16d06m18.5s,-16.10515,2.55068936,,,,,,,,,
751,EPIC 212351405.01,,CANDIDATE,13h26m39.10s,201.662937,-16d05m42.0s,-16.095001,2.55234671,,,,,,,,,
753,EPIC 212357477.01,,CANDIDATE,13h28m03.99s,202.016633,-15d56m16.2s,-15.93782,6.3297696,,,,,,,,,
755,EPIC 212370106.01,,CANDIDATE,13h25m05.25s,201.271866,-15d37m30.3s,-15.625073,22.446,,,3.9319,,,,,,
756,EPIC 212380207.01,,CANDIDATE,13h21m25.50s,200.356235,-15d22m38.0s,-15.377218,26.147,,,2.3842,,,,,,
757,EPIC 212393193.02,,CANDIDATE,14h02m11.28s,210.54699,-15d04m10.3s,-15.06954,36.152,,,1.83,,,,,,
758,EPIC 212393193.01,,CANDIDATE,14h02m11.28s,210.54699,-15d04m10.3s,-15.06954,14.452,,,1.82,,,,,,
760,EPIC 212394689.01,,CANDIDATE,13h34m29.11s,203.621297,-15d02m10.9s,-15.036359,6.67773603,,,,,,,,,
761,EPIC 212398508.01,,CANDIDATE,13h34m30.93s,203.628859,-14d56m49.8s,-14.94716,46.423,,,2.6102,,,,,,
762,EPIC 212418133.01,,CANDIDATE,13h33m12.43s,203.301778,-14d30m14.6s,-14.504056,3.333,,,1.6372,,,,,,
763,EPIC 212420823.01,,CANDIDATE,13h16m23.94s,199.099736,-14d26m40.7s,-14.444631,9.029,,,2.6107,,,,,,
764,EPIC 212424622.01,,CANDIDATE,13h29m19.54s,202.331428,-14d21m34.1s,-14.359463,12.012,,,1.7745,,,,,,
765,EPIC 212425103.01,,CANDIDATE,13h37m28.70s,204.369589,-14d20m56.0s,-14.348889,0.94599529,,,,,,,,,
767,EPIC 212432685.01,,CANDIDATE,13h37m11.71s,204.29879,-14d10m50.1s,-14.180588,1.063,,,1.5188,,,,,,
768,EPIC 212435047.01,,CANDIDATE,13h28m31.37s,202.130717,-14d07m34.7s,-14.126292,1.11562824,,,,,,,,,
770,EPIC 212440430.01,,CANDIDATE,13h36m08.54s,204.035596,-14d00m33.2s,-14.009217,19.991,,,2.3276,,,,,,
771,EPIC 212443973.01,,CANDIDATE,13h40m02.14s,205.008897,-13d55m55.3s,-13.932038,0.779,,,1.9207,,,,,,
772,EPIC 212451091.01,,CANDIDATE,14h05m53.12s,211.471328,-13d46m45.8s,-13.779389,12.666,,,4.3318,,,,,,
773,EPIC 212454160.01,,CANDIDATE,13h34m32.94s,203.637266,-13d42m45.4s,-13.712618,0.876,,,1.2103,,,,,,
774,EPIC 212454422.01,,CANDIDATE,13h14m12.75s,198.553139,-13d42m24.8s,-13.706878,3.269,,,11.1682,,,,,,
775,EPIC 212460519.01,,CANDIDATE,13h34m11.17s,203.546541,-13d34m36.9s,-13.576928,7.38795716,,,,,,,,,
777,EPIC 212480208.01,,CANDIDATE,13h41m27.24s,205.363495,-13d09m39.2s,-13.160896,10.099,,,1.3385,,,,,,
778,EPIC 212495601.01,,CANDIDATE,13h15m39.03s,198.912639,-12d49m37.4s,-12.827043,21.677,,,2.4596,,,,,,
779,EPIC 212496592.01,,CANDIDATE,13h26m33.40s,201.639169,-12d48m23.6s,-12.806568,2.85794855,,,,,,,,,
781,EPIC 212499835.01,,CANDIDATE,13h49m40.47s,207.418622,-12d44m17.3s,-12.738137,6.883,,,6.6463,,,,,,
782,EPIC 212499991.01,,CANDIDATE,13h29m57.30s,202.488766,-12d44m05.0s,-12.734723,15.381,,,2.3288,,,,,,
784,EPIC 212521166.01,,CANDIDATE,13h49m23.89s,207.34954,-12d17m04.2s,-12.284491,13.85870316,,,,,,,,,
785,EPIC 212529560.01,,CANDIDATE,13h28m31.54s,202.131428,-12d06m26.3s,-12.107318,8.121,,,2.014,,,,,,
786,EPIC 212530118.01,,CANDIDATE,13h31m35.59s,202.898309,-12d05m42.3s,-12.095094,12.83724862,,,,,,,,,
787,EPIC 212534729.01,,CANDIDATE,13h42m55.91s,205.732954,-11d59m39.3s,-11.994251,13.479,,,1.4904,,,,,,
789,EPIC 212543933.01,,CANDIDATE,13h46m36.56s,206.652323,-11d48m17.8s,-11.804943,7.80651068,,,,,,,,,
790,EPIC 212554013.01,,CANDIDATE,13h48m18.81s,207.078377,-11d35m20.3s,-11.588979,3.588,,,11.2466,,,,,,
791,EPIC 212555594.01,,CANDIDATE,13h46m19.75s,206.582274,-11d33m22.5s,-11.556253,4.163,,,1.5661,,,,,,
792,EPIC 212562715.01,,CANDIDATE,13h28m40.30s,202.167916,-11d23m57.6s,-11.39933,13.524,,,2.3085,,,,,,
793,EPIC 212563850.01,,CANDIDATE,13h23m23.65s,200.848533,-11d22m29.1s,-11.374752,14.311,,,2.6248,,,,,,
795,EPIC 212570977.01,,CANDIDATE,13h43m36.33s,205.901392,-11d13m24.9s,-11.22357,8.85007649,,,,,,,,,
796,EPIC 212572439.01,,CANDIDATE,13h37m45.62s,204.440072,-11d11m33.3s,-11.192574,2.58166013,,,,,,,,,
798,EPIC 212572452.01,,CANDIDATE,13h37m46.02s,204.441764,-11d11m32.0s,-11.192224,2.581,,,17.404,,,,,,
799,EPIC 212575828.01,,CANDIDATE,13h40m38.33s,205.159693,-11d07m01.5s,-11.117092,2.06,,,3.6658,,,,,,
801,EPIC 212577658.01,,CANDIDATE,13h55m00.81s,208.753356,-11d04m47.4s,-11.079821,14.07277587,,,,,,,,,
802,EPIC 212579424.01,,CANDIDATE,13h11m25.78s,197.857405,-11d02m33.2s,-11.042554,6.373,,,13.3861,,,,,,
803,EPIC 212580872.01,,CANDIDATE,13h40m56.90s,205.237063,-11d00m33.5s,-11.009296,14.786,,,3.6518,,,,,,
804,EPIC 212585579.01,,CANDIDATE,13h39m15.79s,204.815772,-10d54m25.1s,-10.906977,3.02164122,,,,,,,,,
805,EPIC 212586030.01,,CANDIDATE,13h43m25.96s,205.858149,-10d53m48.9s,-10.896922,7.785,,,2.3269,,,,,,
807,EPIC 212587672.01,,CANDIDATE,13h41m46.73s,205.444708,-10d51m44.8s,-10.862432,23.24110566,,,,,,,,,
808,EPIC 212592101.01,,CANDIDATE,13h42m41.09s,205.671225,-10d46m06.7s,-10.768529,4.545,,,7.9711,,,,,,
809,EPIC 212601505.01,,CANDIDATE,13h30m34.00s,202.641656,-10d33m19.4s,-10.555388,0.72436144,,,,,,,,,
810,EPIC 212639319.01,,CANDIDATE,13h18m18.75s,199.578137,-09d41m30.7s,-9.691857,13.843,,,2.7945,,,,,,
811,EPIC 212645891.02,,CANDIDATE,14h01m05.52s,210.27302,-09d32m24.4s,-9.540112,0.32814902,,,,,,,,,
812,EPIC 212645891.01,,CANDIDATE,14h01m05.52s,210.27302,-09d32m24.4s,-9.540112,0.984,,,4.0344,,,,,,
813,EPIC 212646483.01,,CANDIDATE,14h06m39.17s,211.663201,-09d31m35.4s,-9.526506,8.253,,,2.9071,,,,,,
814,EPIC 212661144.01,,CANDIDATE,13h56m56.00s,209.233339,-09d11m15.5s,-9.187627,2.45840745,,,,,,,,,
816,EPIC 212672300.01,,CANDIDATE,13h38m26.14s,204.608927,-08d55m37.7s,-8.92715,39.699,,,2.4786,,,,,,
817,EPIC 212679181.01,,CANDIDATE,13h26m56.93s,201.737188,-08d45m46.8s,-8.763013,1.055,,,2.1401,,,,,,
818,EPIC 212688920.01,,CANDIDATE,13h32m03.25s,203.013562,-08d31m53.3s,-8.53148,62.841,,,23.1222,,,,,,
819,EPIC 212689874.01,,CANDIDATE,13h19m19.56s,199.831512,-08d30m34.1s,-8.50948,15.854,,,3.0041,,,,,,
821,EPIC 212697709.01,WASP-157 b,CONFIRMED,13h26m37.25s,201.655192,-08d19m03.2s,-8.31756,3.9516956,,,,,,,,,
822,EPIC 212703473.02,,CANDIDATE,13h24m56.77s,201.236536,-08d10m18.3s,-8.171739,18.516,,,1.73,,,,,,
823,EPIC 212703473.01,,CANDIDATE,13h24m56.77s,201.236536,-08d10m18.3s,-8.171739,6.788,,,1.4299,,,,,,
825,EPIC 212705192.01,,CANDIDATE,13h30m25.30s,202.605434,-08d07m48.9s,-8.130262,2.2688499,,,,,,,,,
826,EPIC 212712473.01,,CANDIDATE,13h56m04.65s,209.019361,-07d57m07.7s,-7.95213,7.264,,,5.6852,,,,,,
828,EPIC 212735333.01,,CANDIDATE,13h29m34.48s,202.393669,-07d22m26.4s,-7.374002,8.35470947,,,,,,,,,
829,EPIC 212737443.01,,CANDIDATE,13h36m53.21s,204.221698,-07d19m05.3s,-7.318144,13.60697954,,,,,,,,,
831,EPIC 212756297.01,,CANDIDATE,,,,,1.33711405,,,,,,,,,
833,EPIC 212757601.01,,CANDIDATE,13h52m37.11s,208.154643,-06d46m09.8s,-6.769382,1.018,,,9.8964,,,,,,
834,EPIC 212768333.03,,CANDIDATE,13h15m22.51s,198.843808,-06d27m53.6s,-6.464886,17.043,,,4.1673,,,,,,
835,EPIC 212768333.01,,CANDIDATE,13h15m22.51s,198.843808,-06d27m53.6s,-6.464886,3.359,,,1.33,,,,,,
836,EPIC 212768333.02,,CANDIDATE,13h15m22.51s,198.843808,-06d27m53.6s,-6.464886,7.45,,,2.61,,,,,,
837,EPIC 212772113.01,,CANDIDATE,13h32m53.28s,203.222016,-06d21m24.7s,-6.356853,8.953,,,3.4324,,,,,,
838,EPIC 212779596.01,,CANDIDATE,13h55m36.41s,208.901707,-06d08m10.1s,-6.136143,3.225,,,2.41,,,,,,
839,EPIC 212779596.02,,CANDIDATE,13h55m36.41s,208.901707,-06d08m10.1s,-6.136143,7.374,,,3.7832,,,,,,
840,EPIC 212782836.01,,CANDIDATE,13h39m07.13s,204.779727,-06d02m29.7s,-6.041594,7.125,,,1.2382,,,,,,
841,EPIC 212796016.01,,CANDIDATE,13h41m10.49s,205.293697,-05d39m48.1s,-5.663363,3.216,,,1.754,,,,,,
842,EPIC 212803289.01,K2-99 b,CONFIRMED,13h55m05.70s,208.773747,-05d26m32.9s,-5.442466,18.25,,,4.2143,,,,,,
843,EPIC 212813907.01,,CANDIDATE,13h47m19.84s,206.832654,-05d06m21.9s,-5.106074,6.725,,,4.9246,,,,,,
844,EPIC 212828909.01,,CANDIDATE,13h29m00.38s,202.251596,-04d36m36.8s,-4.610228,2.85,,,1.5815,,,,,,